ERC report (2026-08-20T21:04:24+0700, Encoding UTF8)
Report includes: Errors, Warnings

***** Sheet /
[label_dangling]: Label not connected to anything
    ; error
    @(8500 mils, 2750 mils): Label 'FDCAN1_P'
[label_dangling]: Label not connected to anything
    ; error
    @(8500 mils, 2850 mils): Label 'FDCAN1_N'
[label_dangling]: Label not connected to anything
    ; error
    @(8500 mils, 3250 mils): Label 'FDCAN2_P'
[label_dangling]: Label not connected to anything
    ; error
    @(8500 mils, 3350 mils): Label 'FDCAN2_N'
[label_dangling]: Label not connected to anything
    ; error
    @(4300 mils, 2350 mils): Label 'FDCAN1_RX'
[label_dangling]: Label not connected to anything
    ; error
    @(4250 mils, 4200 mils): Label 'FDCAN2_RX'
[label_dangling]: Label not connected to anything
    ; error
    @(6450 mils, 2150 mils): Label 'FDCAN1_P'
[label_dangling]: Label not connected to anything
    ; error
    @(6450 mils, 2250 mils): Label 'FDCAN1_N'
[label_dangling]: Label not connected to anything
    ; error
    @(6400 mils, 4000 mils): Label 'FDCAN2_P'
[label_dangling]: Label not connected to anything
    ; error
    @(6400 mils, 4100 mils): Label 'FDCAN2_N'
[label_dangling]: Label not connected to anything
    ; error
    @(7700 mils, 1500 mils): Label 'FDCAN1_RX'
[label_dangling]: Label not connected to anything
    ; error
    @(7700 mils, 2000 mils): Label 'FDCAN2_RX'
[label_dangling]: Label not connected to anything
    ; error
    @(7700 mils, 2500 mils): Label 'FDCAN1_P'
[label_dangling]: Label not connected to anything
    ; error
    @(7700 mils, 2600 mils): Label 'FDCAN1_N'
[label_dangling]: Label not connected to anything
    ; error
    @(7700 mils, 3000 mils): Label 'FDCAN2_P'
[label_dangling]: Label not connected to anything
    ; error
    @(7700 mils, 3100 mils): Label 'FDCAN2_N'
[label_dangling]: Label not connected to anything
    ; error
    @(2350 mils, 1500 mils): Label 'GPIO-LED_I'
[label_dangling]: Label not connected to anything
    ; error
    @(2350 mils, 2000 mils): Label 'GPIO-LED_T1'
[label_dangling]: Label not connected to anything
    ; error
    @(2350 mils, 2500 mils): Label 'GPIO-LED_T2'
[label_dangling]: Label not connected to anything
    ; error
    @(2350 mils, 3000 mils): Label 'GPIO-LED_P'
[label_dangling]: Label not connected to anything
    ; error
    @(2350 mils, 3500 mils): Label 'GPIO-LED_R'
[label_dangling]: Label not connected to anything
    ; error
    @(2350 mils, 4000 mils): Label 'GPIO-LED_M'
[label_dangling]: Label not connected to anything
    ; error
    @(2350 mils, 4500 mils): Label 'GPIO-LED_Debug_1'
[label_dangling]: Label not connected to anything
    ; error
    @(2350 mils, 5000 mils): Label 'GPIO-LED_Debug_2'
[label_dangling]: Label not connected to anything
    ; error
    @(7550 mils, 1500 mils): Label 'GPIO-LED_I'
[label_dangling]: Label not connected to anything
    ; error
    @(7550 mils, 1600 mils): Label 'GPIO-LED_T1'
[label_dangling]: Label not connected to anything
    ; error
    @(7550 mils, 1700 mils): Label 'GPIO-LED_T2'
[label_dangling]: Label not connected to anything
    ; error
    @(7550 mils, 2000 mils): Label 'GPIO-LED_P'
[label_dangling]: Label not connected to anything
    ; error
    @(7550 mils, 2100 mils): Label 'GPIO-LED_R'
[label_dangling]: Label not connected to anything
    ; error
    @(7550 mils, 2200 mils): Label 'GPIO-LED_M'
[label_dangling]: Label not connected to anything
    ; error
    @(7550 mils, 2500 mils): Label 'GPIO-LED_Debug_1'
[label_dangling]: Label not connected to anything
    ; error
    @(7550 mils, 2600 mils): Label 'GPIO-LED_Debug_2'
[label_dangling]: Label not connected to anything
    ; error
    @(5900 mils, 2200 mils): Label 'MCU_ID1'
[label_dangling]: Label not connected to anything
    ; error
    @(5900 mils, 2750 mils): Label 'MCU_ID2'
[label_dangling]: Label not connected to anything
    ; error
    @(5550 mils, 4150 mils): Label 'BOOT_1'
[label_dangling]: Label not connected to anything
    ; error
    @(5550 mils, 4950 mils): Label 'BOOT_2'
[label_dangling]: Label not connected to anything
    ; error
    @(7950 mils, 1750 mils): Label 'MCU_ID1'
[label_dangling]: Label not connected to anything
    ; error
    @(7950 mils, 1850 mils): Label 'MCU_ID2'
[label_dangling]: Label not connected to anything
    ; error
    @(7950 mils, 2250 mils): Label 'BOOT_1'
[label_dangling]: Label not connected to anything
    ; error
    @(7950 mils, 2350 mils): Label 'BOOT_2'
[label_dangling]: Label not connected to anything
    ; error
    @(850 mils, 2050 mils): Label 'SWDIO1'
[label_dangling]: Label not connected to anything
    ; error
    @(850 mils, 2150 mils): Label 'SWCLK1'
[label_dangling]: Label not connected to anything
    ; error
    @(850 mils, 2250 mils): Label 'NRST1'
[label_dangling]: Label not connected to anything
    ; error
    @(850 mils, 3050 mils): Label 'EN_T1'
[label_dangling]: Label not connected to anything
    ; error
    @(850 mils, 3550 mils): Label 'PWMA_T2'
[label_dangling]: Label not connected to anything
    ; error
    @(850 mils, 3650 mils): Label 'PWMB_T2'
[label_dangling]: Label not connected to anything
    ; error
    @(850 mils, 3750 mils): Label 'PWMA_T1'
[label_dangling]: Label not connected to anything
    ; error
    @(850 mils, 3850 mils): Label 'PWMB_T1'
[label_dangling]: Label not connected to anything
    ; error
    @(850 mils, 3950 mils): Label 'ECC_I'
[label_dangling]: Label not connected to anything
    ; error
    @(850 mils, 4150 mils): Label 'ECA_I'
[label_dangling]: Label not connected to anything
    ; error
    @(850 mils, 4250 mils): Label 'ECB_I'
[label_dangling]: Label not connected to anything
    ; error
    @(850 mils, 4350 mils): Label 'I2C-SCL_1'
[label_dangling]: Label not connected to anything
    ; error
    @(850 mils, 4450 mils): Label 'I2C-SDA_1'
[label_dangling]: Label not connected to anything
    ; error
    @(4150 mils, 2050 mils): Label 'ECA_T2'
[label_dangling]: Label not connected to anything
    ; error
    @(4150 mils, 2150 mils): Label 'ECB_T2'
[label_dangling]: Label not connected to anything
    ; error
    @(4150 mils, 2250 mils): Label 'OCM_T2'
[label_dangling]: Label not connected to anything
    ; error
    @(850 mils, 4650 mils): Label 'GPIO-LED_I'
[label_dangling]: Label not connected to anything
    ; error
    @(4150 mils, 2350 mils): Label 'OCM_T1'
[label_dangling]: Label not connected to anything
    ; error
    @(4150 mils, 2450 mils): Label 'ECC_T2'
[label_dangling]: Label not connected to anything
    ; error
    @(850 mils, 4750 mils): Label 'MCU_ID1'
[label_dangling]: Label not connected to anything
    ; error
    @(4150 mils, 2550 mils): Label 'ECC_T1'
[label_dangling]: Label not connected to anything
    ; error
    @(4150 mils, 2650 mils): Label 'ECA_T1'
[label_dangling]: Label not connected to anything
    ; error
    @(4150 mils, 2750 mils): Label 'ECB_T1'
[label_dangling]: Label not connected to anything
    ; error
    @(850 mils, 4950 mils): Label 'DIAG_T1'
[label_dangling]: Label not connected to anything
    ; error
    @(850 mils, 5050 mils): Label 'DIAG_I'
[label_dangling]: Label not connected to anything
    ; error
    @(4150 mils, 3050 mils): Label 'GPIO-LED_Debug_1'
[label_dangling]: Label not connected to anything
    ; error
    @(4150 mils, 3150 mils): Label 'USB-DM_1'
[label_dangling]: Label not connected to anything
    ; error
    @(4150 mils, 3250 mils): Label 'USB-DP_1'
[label_dangling]: Label not connected to anything
    ; error
    @(4150 mils, 3350 mils): Label 'GPIO-LED_T2'
[label_dangling]: Label not connected to anything
    ; error
    @(4150 mils, 3550 mils): Label 'OCM_I'
[label_dangling]: Label not connected to anything
    ; error
    @(4150 mils, 3650 mils): Label 'EN_T2'
[label_dangling]: Label not connected to anything
    ; error
    @(5100 mils, 2650 mils): Label 'SWDIO1'
[label_dangling]: Label not connected to anything
    ; error
    @(5100 mils, 2750 mils): Label 'SWCLK1'
[label_dangling]: Label not connected to anything
    ; error
    @(5100 mils, 2850 mils): Label 'NRST1'
[label_dangling]: Label not connected to anything
    ; error
    @(5100 mils, 3150 mils): Label 'SWDIO2'
[label_dangling]: Label not connected to anything
    ; error
    @(4150 mils, 4350 mils): Label 'BOOT_1'
[label_dangling]: Label not connected to anything
    ; error
    @(5100 mils, 3250 mils): Label 'SWCLK2'
[label_dangling]: Label not connected to anything
    ; error
    @(5100 mils, 3350 mils): Label 'NRST2'
[label_dangling]: Label not connected to anything
    ; error
    @(4150 mils, 4550 mils): Label 'EN_I'
[label_dangling]: Label not connected to anything
    ; error
    @(4150 mils, 4650 mils): Label 'VBUS_DET1'
[label_dangling]: Label not connected to anything
    ; error
    @(4150 mils, 4750 mils): Label 'FDCAN1_RX'
[label_dangling]: Label not connected to anything
    ; error
    @(4150 mils, 4850 mils): Label 'FDCAN1_TX'
[label_dangling]: Label not connected to anything
    ; error
    @(4150 mils, 4950 mils): Label 'PWMA_I'
[label_dangling]: Label not connected to anything
    ; error
    @(4150 mils, 5050 mils): Label 'PWMB_I'
[label_dangling]: Label not connected to anything
    ; error
    @(850 mils, 6600 mils): Label 'SWDIO2'
[label_dangling]: Label not connected to anything
    ; error
    @(850 mils, 6700 mils): Label 'SWCLK2'
[label_dangling]: Label not connected to anything
    ; error
    @(5100 mils, 4500 mils): Label 'FDCAN1_RX'
[label_dangling]: Label not connected to anything
    ; error
    @(850 mils, 6800 mils): Label 'NRST2'
[label_dangling]: Label not connected to anything
    ; error
    @(5100 mils, 4600 mils): Label 'FDCAN1_TX'
[label_dangling]: Label not connected to anything
    ; error
    @(5100 mils, 5000 mils): Label 'FDCAN2_RX'
[label_dangling]: Label not connected to anything
    ; error
    @(5100 mils, 5100 mils): Label 'FDCAN2_TX'
[label_dangling]: Label not connected to anything
    ; error
    @(850 mils, 7600 mils): Label 'EN_R'
[label_dangling]: Label not connected to anything
    ; error
    @(4150 mils, 6600 mils): Label 'ECA_M'
[label_dangling]: Label not connected to anything
    ; error
    @(4150 mils, 6700 mils): Label 'ECB_M'
[label_dangling]: Label not connected to anything
    ; error
    @(4150 mils, 6800 mils): Label 'OCM_M'
[label_dangling]: Label not connected to anything
    ; error
    @(4150 mils, 6900 mils): Label 'OCM_R'
[label_dangling]: Label not connected to anything
    ; error
    @(5100 mils, 6250 mils): Label 'GPIO-LED_I'
[label_dangling]: Label not connected to anything
    ; error
    @(4150 mils, 7000 mils): Label 'ECC_M'
[label_dangling]: Label not connected to anything
    ; error
    @(5100 mils, 6350 mils): Label 'GPIO-LED_T1'
[label_dangling]: Label not connected to anything
    ; error
    @(5100 mils, 6450 mils): Label 'GPIO-LED_T2'
[label_dangling]: Label not connected to anything
    ; error
    @(4150 mils, 7100 mils): Label 'ECC_R'
[label_dangling]: Label not connected to anything
    ; error
    @(850 mils, 8200 mils): Label 'PWMB_M'
[label_dangling]: Label not connected to anything
    ; error
    @(4150 mils, 7200 mils): Label 'ECA_R'
[label_dangling]: Label not connected to anything
    ; error
    @(850 mils, 8300 mils): Label 'PWMA_R'
[label_dangling]: Label not connected to anything
    ; error
    @(4150 mils, 7300 mils): Label 'ECB_R'
[label_dangling]: Label not connected to anything
    ; error
    @(850 mils, 8400 mils): Label 'PWMB_R'
[label_dangling]: Label not connected to anything
    ; error
    @(5100 mils, 6750 mils): Label 'GPIO-LED_P'
[label_dangling]: Label not connected to anything
    ; error
    @(5100 mils, 6850 mils): Label 'GPIO-LED_R'
[label_dangling]: Label not connected to anything
    ; error
    @(850 mils, 8500 mils): Label 'ECC_P'
[label_dangling]: Label not connected to anything
    ; error
    @(5100 mils, 6950 mils): Label 'GPIO-LED_M'
[label_dangling]: Label not connected to anything
    ; error
    @(4150 mils, 7600 mils): Label 'GPIO-LED_Debug_2'
[label_dangling]: Label not connected to anything
    ; error
    @(850 mils, 8700 mils): Label 'ECA_P'
[label_dangling]: Label not connected to anything
    ; error
    @(4150 mils, 7700 mils): Label 'USB-DM_2'
[label_dangling]: Label not connected to anything
    ; error
    @(4150 mils, 7800 mils): Label 'USB-DP_2'
[label_dangling]: Label not connected to anything
    ; error
    @(850 mils, 8800 mils): Label 'ECB_P'
[label_dangling]: Label not connected to anything
    ; error
    @(5100 mils, 7250 mils): Label 'GPIO-LED_Debug_1'
[label_dangling]: Label not connected to anything
    ; error
    @(4150 mils, 7900 mils): Label 'GPIO-LED_M'
[label_dangling]: Label not connected to anything
    ; error
    @(850 mils, 8900 mils): Label 'I2C-SCL_2'
[label_dangling]: Label not connected to anything
    ; error
    @(5100 mils, 7350 mils): Label 'GPIO-LED_Debug_2'
[label_dangling]: Label not connected to anything
    ; error
    @(850 mils, 9000 mils): Label 'I2C-SDA_2'
[label_dangling]: Label not connected to anything
    ; error
    @(4150 mils, 8100 mils): Label 'OCM_P'
[label_dangling]: Label not connected to anything
    ; error
    @(850 mils, 9100 mils): Label 'GPIO-LED_R'
[label_dangling]: Label not connected to anything
    ; error
    @(4150 mils, 8200 mils): Label 'EN_M'
[label_dangling]: Label not connected to anything
    ; error
    @(850 mils, 9200 mils): Label 'GPIO-LED_P'
[label_dangling]: Label not connected to anything
    ; error
    @(850 mils, 9300 mils): Label 'MCU_ID2'
[label_dangling]: Label not connected to anything
    ; error
    @(850 mils, 9400 mils): Label 'DIAG_M'
[label_dangling]: Label not connected to anything
    ; error
    @(8350 mils, 4500 mils): Label 'MCU_ID1'
[label_dangling]: Label not connected to anything
    ; error
    @(8350 mils, 4600 mils): Label 'MCU_ID2'
[label_dangling]: Label not connected to anything
    ; error
    @(850 mils, 9500 mils): Label 'DIAG_R'
[label_dangling]: Label not connected to anything
    ; error
    @(850 mils, 9600 mils): Label 'DIAG_P'
[label_dangling]: Label not connected to anything
    ; error
    @(4150 mils, 8900 mils): Label 'BOOT_2'
[label_dangling]: Label not connected to anything
    ; error
    @(5100 mils, 8400 mils): Label 'I2C-SDA_1'
[label_dangling]: Label not connected to anything
    ; error
    @(5100 mils, 8500 mils): Label 'I2C-SCL_1'
[label_dangling]: Label not connected to anything
    ; error
    @(4150 mils, 9100 mils): Label 'EN_P'
[label_dangling]: Label not connected to anything
    ; error
    @(4150 mils, 9200 mils): Label 'VBUS_DET2'
[label_dangling]: Label not connected to anything
    ; error
    @(4150 mils, 9300 mils): Label 'FDCAN2_RX'
[label_dangling]: Label not connected to anything
    ; error
    @(5100 mils, 8900 mils): Label 'I2C-SDA_2'
[label_dangling]: Label not connected to anything
    ; error
    @(4150 mils, 9400 mils): Label 'FDCAN2_TX'
[label_dangling]: Label not connected to anything
    ; error
    @(5100 mils, 9000 mils): Label 'I2C-SCL_2'
[label_dangling]: Label not connected to anything
    ; error
    @(4150 mils, 9500 mils): Label 'PWMA_P'
[label_dangling]: Label not connected to anything
    ; error
    @(4150 mils, 9600 mils): Label 'PWMB_P'
[label_dangling]: Label not connected to anything
    ; error
    @(11050 mils, 2750 mils): Label 'PWMA_I'
[label_dangling]: Label not connected to anything
    ; error
    @(11050 mils, 2850 mils): Label 'PWMB_I'
[label_dangling]: Label not connected to anything
    ; error
    @(11050 mils, 2950 mils): Label 'EN_I'
[label_dangling]: Label not connected to anything
    ; error
    @(11050 mils, 3050 mils): Label 'DIAG_I'
[label_dangling]: Label not connected to anything
    ; error
    @(11050 mils, 3150 mils): Label 'OCM_I'
[label_dangling]: Label not connected to anything
    ; error
    @(5250 mils, 10250 mils): Label 'USB-DP_1'
[label_dangling]: Label not connected to anything
    ; error
    @(11050 mils, 3250 mils): Label 'ECA_I'
[label_dangling]: Label not connected to anything
    ; error
    @(11050 mils, 3350 mils): Label 'ECB_I'
[label_dangling]: Label not connected to anything
    ; error
    @(11050 mils, 3450 mils): Label 'ECC_I'
[label_dangling]: Label not connected to anything
    ; error
    @(5250 mils, 10350 mils): Label 'USB-DM_1'
[label_dangling]: Label not connected to anything
    ; error
    @(11050 mils, 3750 mils): Label 'PWMA_M'
[label_dangling]: Label not connected to anything
    ; error
    @(5250 mils, 10450 mils): Label 'VBUS_DET1'
[label_dangling]: Label not connected to anything
    ; error
    @(11050 mils, 3850 mils): Label 'PWMB_M'
[label_dangling]: Label not connected to anything
    ; error
    @(11050 mils, 3950 mils): Label 'EN_M'
[label_dangling]: Label not connected to anything
    ; error
    @(11050 mils, 4050 mils): Label 'DIAG_M'
[label_dangling]: Label not connected to anything
    ; error
    @(11050 mils, 4150 mils): Label 'OCM_M'
[label_dangling]: Label not connected to anything
    ; error
    @(11050 mils, 4250 mils): Label 'ECA_M'
[label_dangling]: Label not connected to anything
    ; error
    @(11050 mils, 4350 mils): Label 'ECB_M'
[label_dangling]: Label not connected to anything
    ; error
    @(11050 mils, 4450 mils): Label 'ECC_M'
[label_dangling]: Label not connected to anything
    ; error
    @(8200 mils, 8650 mils): Label 'BOOT_1'
[label_dangling]: Label not connected to anything
    ; error
    @(8200 mils, 8750 mils): Label 'BOOT_2'
[label_dangling]: Label not connected to anything
    ; error
    @(11050 mils, 4750 mils): Label 'PWMA_R'
[label_dangling]: Label not connected to anything
    ; error
    @(11050 mils, 4850 mils): Label 'PWMB_R'
[label_dangling]: Label not connected to anything
    ; error
    @(11050 mils, 4950 mils): Label 'EN_R'
[label_dangling]: Label not connected to anything
    ; error
    @(11050 mils, 5050 mils): Label 'DIAG_R'
[label_dangling]: Label not connected to anything
    ; error
    @(11050 mils, 5150 mils): Label 'OCM_R'
[label_dangling]: Label not connected to anything
    ; error
    @(11050 mils, 5250 mils): Label 'ECA_R'
[label_dangling]: Label not connected to anything
    ; error
    @(11050 mils, 5350 mils): Label 'ECB_R'
[label_dangling]: Label not connected to anything
    ; error
    @(11050 mils, 5450 mils): Label 'ECC_R'
[label_dangling]: Label not connected to anything
    ; error
    @(11050 mils, 5750 mils): Label 'PWMA_P'
[label_dangling]: Label not connected to anything
    ; error
    @(11050 mils, 5850 mils): Label 'PWMB_P'
[label_dangling]: Label not connected to anything
    ; error
    @(11050 mils, 5950 mils): Label 'EN_P'
[label_dangling]: Label not connected to anything
    ; error
    @(11050 mils, 6050 mils): Label 'DIAG_P'
[label_dangling]: Label not connected to anything
    ; error
    @(11050 mils, 6150 mils): Label 'OCM_P'
[label_dangling]: Label not connected to anything
    ; error
    @(11050 mils, 6250 mils): Label 'ECA_P'
[label_dangling]: Label not connected to anything
    ; error
    @(11050 mils, 6350 mils): Label 'ECB_P'
[label_dangling]: Label not connected to anything
    ; error
    @(11050 mils, 6450 mils): Label 'ECC_P'
[label_dangling]: Label not connected to anything
    ; error
    @(7750 mils, 10250 mils): Label 'USB-DP_2'
[label_dangling]: Label not connected to anything
    ; error
    @(7750 mils, 10350 mils): Label 'USB-DM_2'
[label_dangling]: Label not connected to anything
    ; error
    @(11050 mils, 6800 mils): Label 'PWMA_T1'
[label_dangling]: Label not connected to anything
    ; error
    @(7750 mils, 10450 mils): Label 'VBUS_DET2'
[label_dangling]: Label not connected to anything
    ; error
    @(11050 mils, 6900 mils): Label 'PWMB_T1'
[label_dangling]: Label not connected to anything
    ; error
    @(11050 mils, 7000 mils): Label 'EN_T1'
[label_dangling]: Label not connected to anything
    ; error
    @(11050 mils, 7100 mils): Label 'DIAG_T1'
[label_dangling]: Label not connected to anything
    ; error
    @(11050 mils, 7200 mils): Label 'OCM_T1'
[label_dangling]: Label not connected to anything
    ; error
    @(11050 mils, 7300 mils): Label 'ECA_T1'
[label_dangling]: Label not connected to anything
    ; error
    @(11050 mils, 7400 mils): Label 'ECB_T1'
[label_dangling]: Label not connected to anything
    ; error
    @(11050 mils, 7500 mils): Label 'ECC_T1'
[label_dangling]: Label not connected to anything
    ; error
    @(11050 mils, 7800 mils): Label 'PWMA_T2'
[label_dangling]: Label not connected to anything
    ; error
    @(11050 mils, 7900 mils): Label 'PWMB_T2'
[label_dangling]: Label not connected to anything
    ; error
    @(11050 mils, 8000 mils): Label 'EN_T2'
[label_dangling]: Label not connected to anything
    ; error
    @(11050 mils, 8100 mils): Label 'DIAG_T2'
[label_dangling]: Label not connected to anything
    ; error
    @(11050 mils, 8200 mils): Label 'OCM_T2'
[label_dangling]: Label not connected to anything
    ; error
    @(11050 mils, 8300 mils): Label 'ECA_T2'
[label_dangling]: Label not connected to anything
    ; error
    @(11050 mils, 8400 mils): Label 'ECB_T2'
[label_dangling]: Label not connected to anything
    ; error
    @(11050 mils, 8500 mils): Label 'ECC_T2'
[label_dangling]: Label not connected to anything
    ; error
    @(3300 mils, 2200 mils): Label 'EN_I'
[label_dangling]: Label not connected to anything
    ; error
    @(3300 mils, 2500 mils): Label 'PWMA_I'
[label_dangling]: Label not connected to anything
    ; error
    @(3300 mils, 2600 mils): Label 'PWMB_I'
[label_dangling]: Label not connected to anything
    ; error
    @(7550 mils, 1750 mils): Label 'PWMA_I'
[label_dangling]: Label not connected to anything
    ; error
    @(7550 mils, 1850 mils): Label 'PWMB_I'
[label_dangling]: Label not connected to anything
    ; error
    @(7550 mils, 1950 mils): Label 'EN_I'
[label_dangling]: Label not connected to anything
    ; error
    @(7550 mils, 2050 mils): Label 'DIAG_I'
[label_dangling]: Label not connected to anything
    ; error
    @(7550 mils, 2250 mils): Label 'ECA_I'
[label_dangling]: Label not connected to anything
    ; error
    @(7550 mils, 2350 mils): Label 'ECB_I'
[label_dangling]: Label not connected to anything
    ; error
    @(7700 mils, 4100 mils): Label 'DIAG_I'
[label_dangling]: Label not connected to anything
    ; error
    @(9500 mils, 4600 mils): Label 'ECA_I'
[label_dangling]: Label not connected to anything
    ; error
    @(9500 mils, 4700 mils): Label 'ECB_I'
[label_dangling]: Label not connected to anything
    ; error
    @(3300 mils, 2200 mils): Label 'EN_M'
[label_dangling]: Label not connected to anything
    ; error
    @(3300 mils, 2500 mils): Label 'PWMA_M'
[label_dangling]: Label not connected to anything
    ; error
    @(3300 mils, 2600 mils): Label 'PWMB_M'
[label_dangling]: Label not connected to anything
    ; error
    @(7550 mils, 1750 mils): Label 'PWMA_M'
[label_dangling]: Label not connected to anything
    ; error
    @(7550 mils, 1850 mils): Label 'PWMB_M'
[label_dangling]: Label not connected to anything
    ; error
    @(7550 mils, 1950 mils): Label 'EN_M'
[label_dangling]: Label not connected to anything
    ; error
    @(7550 mils, 2050 mils): Label 'DIAG_M'
[label_dangling]: Label not connected to anything
    ; error
    @(7550 mils, 2250 mils): Label 'ECA_M'
[label_dangling]: Label not connected to anything
    ; error
    @(7550 mils, 2350 mils): Label 'ECB_M'
[label_dangling]: Label not connected to anything
    ; error
    @(7700 mils, 4100 mils): Label 'DIAG_M'
[label_dangling]: Label not connected to anything
    ; error
    @(9500 mils, 4600 mils): Label 'ECA_M'
[label_dangling]: Label not connected to anything
    ; error
    @(9500 mils, 4700 mils): Label 'ECB_M'
[label_dangling]: Label not connected to anything
    ; error
    @(3300 mils, 2200 mils): Label 'EN_R'
[label_dangling]: Label not connected to anything
    ; error
    @(3300 mils, 2500 mils): Label 'PWMA_R'
[label_dangling]: Label not connected to anything
    ; error
    @(3300 mils, 2600 mils): Label 'PWMB_R'
[label_dangling]: Label not connected to anything
    ; error
    @(7550 mils, 1750 mils): Label 'PWMA_R'
[label_dangling]: Label not connected to anything
    ; error
    @(7550 mils, 1850 mils): Label 'PWMB_R'
[label_dangling]: Label not connected to anything
    ; error
    @(7550 mils, 1950 mils): Label 'EN_R'
[label_dangling]: Label not connected to anything
    ; error
    @(7550 mils, 2050 mils): Label 'DIAG_R'
[label_dangling]: Label not connected to anything
    ; error
    @(7550 mils, 2250 mils): Label 'ECA_R'
[label_dangling]: Label not connected to anything
    ; error
    @(7550 mils, 2350 mils): Label 'ECB_R'
[label_dangling]: Label not connected to anything
    ; error
    @(7700 mils, 4100 mils): Label 'DIAG_R'
[label_dangling]: Label not connected to anything
    ; error
    @(9500 mils, 4600 mils): Label 'ECA_R'
[label_dangling]: Label not connected to anything
    ; error
    @(9500 mils, 4700 mils): Label 'ECB_R'
[label_dangling]: Label not connected to anything
    ; error
    @(3300 mils, 2200 mils): Label 'EN_P'
[label_dangling]: Label not connected to anything
    ; error
    @(3300 mils, 2500 mils): Label 'PWMA_P'
[label_dangling]: Label not connected to anything
    ; error
    @(3300 mils, 2600 mils): Label 'PWMB_P'
[label_dangling]: Label not connected to anything
    ; error
    @(7550 mils, 1750 mils): Label 'PWMA_P'
[label_dangling]: Label not connected to anything
    ; error
    @(7550 mils, 1850 mils): Label 'PWMB_P'
[label_dangling]: Label not connected to anything
    ; error
    @(7550 mils, 1950 mils): Label 'EN_P'
[label_dangling]: Label not connected to anything
    ; error
    @(7550 mils, 2050 mils): Label 'DIAG_P'
[label_dangling]: Label not connected to anything
    ; error
    @(7550 mils, 2250 mils): Label 'ECA_P'
[label_dangling]: Label not connected to anything
    ; error
    @(7550 mils, 2350 mils): Label 'ECB_P'
[label_dangling]: Label not connected to anything
    ; error
    @(7700 mils, 4100 mils): Label 'DIAG_P'
[label_dangling]: Label not connected to anything
    ; error
    @(9500 mils, 4600 mils): Label 'ECA_P'
[label_dangling]: Label not connected to anything
    ; error
    @(9500 mils, 4700 mils): Label 'ECB_P'
[label_dangling]: Label not connected to anything
    ; error
    @(3300 mils, 2200 mils): Label 'EN_T1'
[label_dangling]: Label not connected to anything
    ; error
    @(3300 mils, 2500 mils): Label 'PWMA_T1'
[label_dangling]: Label not connected to anything
    ; error
    @(3300 mils, 2600 mils): Label 'PWMB_T1'
[label_dangling]: Label not connected to anything
    ; error
    @(7550 mils, 1750 mils): Label 'PWMA_T1'
[label_dangling]: Label not connected to anything
    ; error
    @(7550 mils, 1850 mils): Label 'PWMB_T1'
[label_dangling]: Label not connected to anything
    ; error
    @(7550 mils, 1950 mils): Label 'EN_T1'
[label_dangling]: Label not connected to anything
    ; error
    @(7550 mils, 2050 mils): Label 'DIAG_T1'
[label_dangling]: Label not connected to anything
    ; error
    @(7550 mils, 2250 mils): Label 'ECA_T1'
[label_dangling]: Label not connected to anything
    ; error
    @(7550 mils, 2350 mils): Label 'ECB_T1'
[label_dangling]: Label not connected to anything
    ; error
    @(7700 mils, 4100 mils): Label 'DIAG_T1'
[label_dangling]: Label not connected to anything
    ; error
    @(9500 mils, 4600 mils): Label 'ECA_T1'
[label_dangling]: Label not connected to anything
    ; error
    @(9500 mils, 4700 mils): Label 'ECB_T1'
[label_dangling]: Label not connected to anything
    ; error
    @(3300 mils, 2200 mils): Label 'EN_T2'
[label_dangling]: Label not connected to anything
    ; error
    @(3300 mils, 2500 mils): Label 'PWMA_T2'
[label_dangling]: Label not connected to anything
    ; error
    @(3300 mils, 2600 mils): Label 'PWMB_T2'
[label_dangling]: Label not connected to anything
    ; error
    @(7550 mils, 1750 mils): Label 'PWMA_T2'
[label_dangling]: Label not connected to anything
    ; error
    @(7550 mils, 1850 mils): Label 'PWMB_T2'
[label_dangling]: Label not connected to anything
    ; error
    @(7550 mils, 1950 mils): Label 'EN_T2'
[label_dangling]: Label not connected to anything
    ; error
    @(7550 mils, 2050 mils): Label 'DIAG_T2'
[label_dangling]: Label not connected to anything
    ; error
    @(7550 mils, 2250 mils): Label 'ECA_T2'
[label_dangling]: Label not connected to anything
    ; error
    @(7550 mils, 2350 mils): Label 'ECB_T2'
[label_dangling]: Label not connected to anything
    ; error
    @(7700 mils, 4100 mils): Label 'DIAG_T2'
[label_dangling]: Label not connected to anything
    ; error
    @(9500 mils, 4600 mils): Label 'ECA_T2'
[label_dangling]: Label not connected to anything
    ; error
    @(9500 mils, 4700 mils): Label 'ECB_T2'
[lib_symbol_mismatch]: Symbol 'SMAJ12A' doesn't match copy in library 'Duc-Diodes'
    ; warning
    @(2050 mils, 2350 mils): Symbol D1 [SMAJ12A]
[net_not_bus_member]: Net /Project Architecture/Sensing - Temperature & Humidity/I2C-SDA_1 is graphically connected to bus /Project Architecture/MCU - IOs/{SHT40_1} but is not a member of that bus
    ; warning
    @(8650 mils, 1750 mils): Bus to Wire Entry
    @(8750 mils, 1600 mils): Vertical Bus, length 50 mils
[net_not_bus_member]: Net /Project Architecture/Sensing - Temperature & Humidity/I2C-SCL_1 is graphically connected to bus /Project Architecture/MCU - IOs/{SHT40_1} but is not a member of that bus
    ; warning
    @(8650 mils, 1850 mils): Bus to Wire Entry
    @(8750 mils, 1650 mils): Vertical Bus, length 100 mils
[net_not_bus_member]: Net /Project Architecture/Sensing - Temperature & Humidity/I2C-SDA_2 is graphically connected to bus /Project Architecture/MCU - IOs/{SHT40_2} but is not a member of that bus
    ; warning
    @(8650 mils, 2250 mils): Bus to Wire Entry
    @(8750 mils, 2150 mils): Vertical Bus, length 100 mils
[net_not_bus_member]: Net /Project Architecture/Sensing - Temperature & Humidity/I2C-SCL_2 is graphically connected to bus /Project Architecture/MCU - IOs/{SHT40_2} but is not a member of that bus
    ; warning
    @(8650 mils, 2350 mils): Bus to Wire Entry
    @(8750 mils, 2150 mils): Vertical Bus, length 100 mils
[net_not_bus_member]: Net /Project Architecture/Interface - Interconnects/SWDIO1 is graphically connected to bus /Project Architecture/Interface - Interconnects/{SWD1} but is not a member of that bus
    ; warning
    @(9400 mils, 1600 mils): Bus to Wire Entry
    @(9500 mils, 1450 mils): Vertical Bus, length 50 mils
[net_not_bus_member]: Net /Project Architecture/Interface - Interconnects/SWCLK1 is graphically connected to bus /Project Architecture/Interface - Interconnects/{SWD1} but is not a member of that bus
    ; warning
    @(9400 mils, 1700 mils): Bus to Wire Entry
    @(9500 mils, 1500 mils): Vertical Bus, length 100 mils
[net_not_bus_member]: Net /Project Architecture/Interface - Interconnects/NRST1 is graphically connected to bus /Project Architecture/Interface - Interconnects/{SWD1} but is not a member of that bus
    ; warning
    @(9400 mils, 1800 mils): Bus to Wire Entry
    @(9500 mils, 1600 mils): Vertical Bus, length 100 mils
[net_not_bus_member]: Net /Project Architecture/Interface - Interconnects/SWDIO2 is graphically connected to bus /Project Architecture/Interface - Interconnects/{SWD2} but is not a member of that bus
    ; warning
    @(9400 mils, 2100 mils): Bus to Wire Entry
    @(9500 mils, 1950 mils): Vertical Bus, length 50 mils
[net_not_bus_member]: Net /Project Architecture/Interface - Interconnects/SWCLK2 is graphically connected to bus /Project Architecture/Interface - Interconnects/{SWD2} but is not a member of that bus
    ; warning
    @(9400 mils, 2200 mils): Bus to Wire Entry
    @(9500 mils, 2000 mils): Vertical Bus, length 100 mils
[net_not_bus_member]: Net /Project Architecture/Interface - Interconnects/FDCAN1_P is graphically connected to bus /Project Architecture/Interface - FD-CAN/{FDCAN1_CNT} but is not a member of that bus
    ; warning
    @(9300 mils, 2650 mils): Bus to Wire Entry
    @(9300 mils, 2650 mils): Vertical Bus, length 100 mils
[net_not_bus_member]: Net /Project Architecture/Interface - Interconnects/NRST2 is graphically connected to bus /Project Architecture/Interface - Interconnects/{SWD2} but is not a member of that bus
    ; warning
    @(9400 mils, 2300 mils): Bus to Wire Entry
    @(9500 mils, 2100 mils): Vertical Bus, length 100 mils
[net_not_bus_member]: Net /Project Architecture/Interface - Interconnects/FDCAN1_N is graphically connected to bus /Project Architecture/Interface - FD-CAN/{FDCAN1_CNT} but is not a member of that bus
    ; warning
    @(9300 mils, 2750 mils): Bus to Wire Entry
    @(9300 mils, 2650 mils): Vertical Bus, length 100 mils
[net_not_bus_member]: Net /Project Architecture/Interface - Interconnects/FDCAN2_P is graphically connected to bus /Project Architecture/Interface - FD-CAN/{FDCAN2_CNT} but is not a member of that bus
    ; warning
    @(9300 mils, 3150 mils): Bus to Wire Entry
    @(9300 mils, 3100 mils): Vertical Bus, length 50 mils
[net_not_bus_member]: Net /Project Architecture/Interface - Interconnects/FDCAN2_N is graphically connected to bus /Project Architecture/Interface - FD-CAN/{FDCAN2_CNT} but is not a member of that bus
    ; warning
    @(9300 mils, 3250 mils): Bus to Wire Entry
    @(9300 mils, 3150 mils): Vertical Bus, length 100 mils
[net_not_bus_member]: Net /Project Architecture/Interface - Interconnects/I2C_SDA is graphically connected to bus /Project Architecture/Interface - Interconnects/{I2C_CNT} but is not a member of that bus
    ; warning
    @(9300 mils, 3650 mils): Bus to Wire Entry
    @(9300 mils, 3650 mils): Vertical Bus, length 100 mils
[net_not_bus_member]: Net /Project Architecture/Interface - Interconnects/I2C_SCL is graphically connected to bus /Project Architecture/Interface - Interconnects/{I2C_CNT} but is not a member of that bus
    ; warning
    @(9300 mils, 3750 mils): Bus to Wire Entry
    @(9300 mils, 3650 mils): Vertical Bus, length 100 mils
[net_not_bus_member]: Net /Project Architecture/Interface - FD-CAN/FDCAN1_RX is graphically connected to bus /Project Architecture/Interface - FD-CAN/{FDCAN1_TTL} but is not a member of that bus
    ; warning
    @(8500 mils, 1500 mils): Bus to Wire Entry
    @(8600 mils, 1400 mils): Vertical Bus, length 100 mils
[net_not_bus_member]: Net /Project Architecture/Interface - FD-CAN/FDCAN1_TX is graphically connected to bus /Project Architecture/Interface - FD-CAN/{FDCAN1_TTL} but is not a member of that bus
    ; warning
    @(8500 mils, 1600 mils): Bus to Wire Entry
    @(8600 mils, 1400 mils): Vertical Bus, length 100 mils
[net_not_bus_member]: Net /Project Architecture/Interface - FD-CAN/FDCAN2_RX is graphically connected to bus /Project Architecture/Interface - FD-CAN/{FDCAN2_TTL} but is not a member of that bus
    ; warning
    @(8500 mils, 2000 mils): Bus to Wire Entry
    @(8600 mils, 1900 mils): Vertical Bus, length 100 mils
[net_not_bus_member]: Net /Project Architecture/Interface - FD-CAN/FDCAN2_TX is graphically connected to bus /Project Architecture/Interface - FD-CAN/{FDCAN2_TTL} but is not a member of that bus
    ; warning
    @(8500 mils, 2100 mils): Bus to Wire Entry
    @(8600 mils, 1900 mils): Vertical Bus, length 100 mils
[net_not_bus_member]: Net /Project Architecture/Interface - FD-CAN/FDCAN1_P is graphically connected to bus /Project Architecture/Interface - FD-CAN/{FDCAN1_CNT} but is not a member of that bus
    ; warning
    @(8600 mils, 2400 mils): Bus to Wire Entry
    @(8600 mils, 2350 mils): Vertical Bus, length 50 mils
[net_not_bus_member]: Net /Project Architecture/Interface - FD-CAN/FDCAN1_N is graphically connected to bus /Project Architecture/Interface - FD-CAN/{FDCAN1_CNT} but is not a member of that bus
    ; warning
    @(8600 mils, 2500 mils): Bus to Wire Entry
    @(8600 mils, 2400 mils): Vertical Bus, length 100 mils
[net_not_bus_member]: Net /Project Architecture/Interface - FD-CAN/FDCAN2_P is graphically connected to bus /Project Architecture/Interface - FD-CAN/{FDCAN2_CNT} but is not a member of that bus
    ; warning
    @(8600 mils, 2900 mils): Bus to Wire Entry
    @(8600 mils, 2900 mils): Vertical Bus, length 100 mils
[net_not_bus_member]: Net /Project Architecture/Interface - FD-CAN/FDCAN2_N is graphically connected to bus /Project Architecture/Interface - FD-CAN/{FDCAN2_CNT} but is not a member of that bus
    ; warning
    @(8600 mils, 3000 mils): Bus to Wire Entry
    @(8600 mils, 2900 mils): Vertical Bus, length 100 mils
[net_not_bus_member]: Net /Project Architecture/Interface - USB 2.0/USB-DP_1 is graphically connected to bus /Project Architecture/Interface - USB 2.0/{USB_1} but is not a member of that bus
    ; warning
    @(4850 mils, 5700 mils): Bus to Wire Entry
    @(4950 mils, 5550 mils): Vertical Bus, length 50 mils
[net_not_bus_member]: Net /Project Architecture/Interface - USB 2.0/USB-DM_1 is graphically connected to bus /Project Architecture/Interface - USB 2.0/{USB_1} but is not a member of that bus
    ; warning
    @(4850 mils, 5800 mils): Bus to Wire Entry
    @(4950 mils, 5700 mils): Vertical Bus, length 100 mils
[net_not_bus_member]: Net /Project Architecture/Interface - USB 2.0/VBUS_DET1 is graphically connected to bus /Project Architecture/Interface - USB 2.0/{USB_1} but is not a member of that bus
    ; warning
    @(4850 mils, 5900 mils): Bus to Wire Entry
    @(4950 mils, 5700 mils): Vertical Bus, length 100 mils
[net_not_bus_member]: Net /Project Architecture/Interface - USB 2.0/USB-DP_2 is graphically connected to bus /Project Architecture/Interface - USB 2.0/{USB_2} but is not a member of that bus
    ; warning
    @(6950 mils, 5700 mils): Bus to Wire Entry
    @(7050 mils, 5550 mils): Vertical Bus, length 50 mils
[net_not_bus_member]: Net /Project Architecture/Interface - USB 2.0/USB-DM_2 is graphically connected to bus /Project Architecture/Interface - USB 2.0/{USB_2} but is not a member of that bus
    ; warning
    @(6950 mils, 5800 mils): Bus to Wire Entry
    @(7050 mils, 5600 mils): Vertical Bus, length 100 mils
[net_not_bus_member]: Net /Project Architecture/Interface - USB 2.0/VBUS_DET2 is graphically connected to bus /Project Architecture/Interface - USB 2.0/{USB_2} but is not a member of that bus
    ; warning
    @(6950 mils, 5900 mils): Bus to Wire Entry
    @(7050 mils, 5700 mils): Vertical Bus, length 100 mils
[net_not_bus_member]: Net /Project Architecture/User - LED Indicators & Buzzer/GPIO-LED_I is graphically connected to bus /Project Architecture/MCU - IOs/{LED_Finger 1} but is not a member of that bus
    ; warning
    @(8400 mils, 1500 mils): Bus to Wire Entry
    @(8500 mils, 1400 mils): Vertical Bus, length 100 mils
[net_not_bus_member]: Net /Project Architecture/User - LED Indicators & Buzzer/GPIO-LED_T1 is graphically connected to bus /Project Architecture/MCU - IOs/{LED_Finger 1} but is not a member of that bus
    ; warning
    @(8400 mils, 1600 mils): Bus to Wire Entry
    @(8500 mils, 1500 mils): Vertical Bus, length 100 mils
[net_not_bus_member]: Net /Project Architecture/User - LED Indicators & Buzzer/GPIO-LED_T2 is graphically connected to bus /Project Architecture/MCU - IOs/{LED_Finger 1} but is not a member of that bus
    ; warning
    @(8400 mils, 1700 mils): Bus to Wire Entry
    @(8500 mils, 1500 mils): Vertical Bus, length 100 mils
[net_not_bus_member]: Net /Project Architecture/User - LED Indicators & Buzzer/GPIO-LED_P is graphically connected to bus /Project Architecture/MCU - IOs/{LED_Finger 2} but is not a member of that bus
    ; warning
    @(8400 mils, 2000 mils): Bus to Wire Entry
    @(8500 mils, 1900 mils): Vertical Bus, length 100 mils
[net_not_bus_member]: Net /Project Architecture/User - LED Indicators & Buzzer/GPIO-LED_R is graphically connected to bus /Project Architecture/MCU - IOs/{LED_Finger 2} but is not a member of that bus
    ; warning
    @(8400 mils, 2100 mils): Bus to Wire Entry
    @(8500 mils, 1900 mils): Vertical Bus, length 100 mils
[net_not_bus_member]: Net /Project Architecture/User - LED Indicators & Buzzer/GPIO-LED_M is graphically connected to bus /Project Architecture/MCU - IOs/{LED_Finger 2} but is not a member of that bus
    ; warning
    @(8400 mils, 2200 mils): Bus to Wire Entry
    @(8500 mils, 2000 mils): Vertical Bus, length 100 mils
[net_not_bus_member]: Net /Project Architecture/User - LED Indicators & Buzzer/GPIO-LED_Debug_1 is graphically connected to bus /Project Architecture/MCU - IOs/{LED_Debug} but is not a member of that bus
    ; warning
    @(8400 mils, 2500 mils): Bus to Wire Entry
    @(8500 mils, 2400 mils): Vertical Bus, length 100 mils
[net_not_bus_member]: Net /Project Architecture/User - LED Indicators & Buzzer/GPIO-LED_Debug_2 is graphically connected to bus /Project Architecture/MCU - IOs/{LED_Debug} but is not a member of that bus
    ; warning
    @(8400 mils, 2600 mils): Bus to Wire Entry
    @(8500 mils, 2400 mils): Vertical Bus, length 100 mils
[net_not_bus_member]: Net /Project Architecture/Misc - Board Version, Switch/MCU_ID1 is graphically connected to bus /Project Architecture/MCU - IOs/{MCU_ID} but is not a member of that bus
    ; warning
    @(8800 mils, 1750 mils): Bus to Wire Entry
    @(8900 mils, 1600 mils): Vertical Bus, length 50 mils
[net_not_bus_member]: Net /Project Architecture/Misc - Board Version, Switch/MCU_ID2 is graphically connected to bus /Project Architecture/MCU - IOs/{MCU_ID} but is not a member of that bus
    ; warning
    @(8800 mils, 1850 mils): Bus to Wire Entry
    @(8900 mils, 1650 mils): Vertical Bus, length 100 mils
[net_not_bus_member]: Net /Project Architecture/Misc - Board Version, Switch/BOOT_1 is graphically connected to bus /Project Architecture/MCU - IOs/{SW_BOOT} but is not a member of that bus
    ; warning
    @(8800 mils, 2250 mils): Bus to Wire Entry
    @(8900 mils, 2100 mils): Vertical Bus, length 50 mils
[net_not_bus_member]: Net /Project Architecture/Misc - Board Version, Switch/BOOT_2 is graphically connected to bus /Project Architecture/MCU - IOs/{SW_BOOT} but is not a member of that bus
    ; warning
    @(8800 mils, 2350 mils): Bus to Wire Entry
    @(8900 mils, 2250 mils): Vertical Bus, length 50 mils
[lib_symbol_issues]: Symbol 'CC0402MRX5R7BB475' not found in symbol library 'Duc_Library'
    ; warning
    @(5700 mils, 3400 mils): Symbol C31 [CC0402MRX5R7BB475]
[lib_symbol_issues]: Symbol 'CC0402KRX7R9BB104' not found in symbol library 'Duc_Library'
    ; warning
    @(6600 mils, 3400 mils): Symbol C32 [CC0402KRX7R9BB104]
[lib_symbol_issues]: Symbol 'CC0402KRX7R6BB105' not found in symbol library 'Duc_Library'
    ; warning
    @(6900 mils, 4400 mils): Symbol C36 [CC0402KRX7R6BB105]
[lib_symbol_issues]: Symbol 'CC0402KRX7R9BB104' not found in symbol library 'Duc_Library'
    ; warning
    @(7500 mils, 3400 mils): Symbol C33 [CC0402KRX7R9BB104]
[lib_symbol_issues]: Symbol 'CC0402MRX5R7BB475' not found in symbol library 'Duc_Library'
    ; warning
    @(5700 mils, 6700 mils): Symbol C40 [CC0402MRX5R7BB475]
[lib_symbol_mismatch]: Symbol 'PBBHAQ2012H-102T10' doesn't match copy in library 'Duc_Library'
    ; warning
    @(7800 mils, 4100 mils): Symbol FB3 [PBBHAQ2012H-102T10]
[lib_symbol_issues]: Symbol 'CC0402KRX7R9BB104' not found in symbol library 'Duc_Library'
    ; warning
    @(8400 mils, 3400 mils): Symbol C34 [CC0402KRX7R9BB104]
[lib_symbol_issues]: Symbol 'CC0402KRX7R6BB105' not found in symbol library 'Duc_Library'
    ; warning
    @(8300 mils, 4400 mils): Symbol C37 [CC0402KRX7R6BB105]
[lib_symbol_issues]: Symbol 'CC0402KRX7R9BB104' not found in symbol library 'Duc_Library'
    ; warning
    @(6600 mils, 6700 mils): Symbol C41 [CC0402KRX7R9BB104]
[lib_symbol_issues]: Symbol 'CC0402KRX7R6BB105' not found in symbol library 'Duc_Library'
    ; warning
    @(9200 mils, 2500 mils): Symbol C30 [CC0402KRX7R6BB105]
[lib_symbol_issues]: Symbol 'CC0402KRX7R9BB104' not found in symbol library 'Duc_Library'
    ; warning
    @(9200 mils, 3400 mils): Symbol C35 [CC0402KRX7R9BB104]
[lib_symbol_issues]: Symbol 'CC0402KRX7R9BB104' not found in symbol library 'Duc_Library'
    ; warning
    @(7500 mils, 6700 mils): Symbol C42 [CC0402KRX7R9BB104]
[lib_symbol_issues]: Symbol 'CC0402KRX7R9BB104' not found in symbol library 'Duc_Library'
    ; warning
    @(9200 mils, 4400 mils): Symbol C38 [CC0402KRX7R9BB104]
[lib_symbol_issues]: Symbol 'CC0402KRX7R6BB105' not found in symbol library 'Duc_Library'
    ; warning
    @(6900 mils, 7700 mils): Symbol C45 [CC0402KRX7R6BB105]
[lib_symbol_issues]: Symbol 'CC0402KRX7R9BB104' not found in symbol library 'Duc_Library'
    ; warning
    @(8400 mils, 6700 mils): Symbol C43 [CC0402KRX7R9BB104]
[lib_symbol_mismatch]: Symbol 'PBBHAQ2012H-102T10' doesn't match copy in library 'Duc_Library'
    ; warning
    @(7800 mils, 7400 mils): Symbol FB4 [PBBHAQ2012H-102T10]
[lib_symbol_issues]: Symbol 'CC0402KRX7R6BB105' not found in symbol library 'Duc_Library'
    ; warning
    @(9200 mils, 5800 mils): Symbol C39 [CC0402KRX7R6BB105]
[lib_symbol_issues]: Symbol 'CC0402KRX7R6BB105' not found in symbol library 'Duc_Library'
    ; warning
    @(8300 mils, 7700 mils): Symbol C46 [CC0402KRX7R6BB105]
[lib_symbol_issues]: Symbol 'CC0402KRX7R9BB104' not found in symbol library 'Duc_Library'
    ; warning
    @(9200 mils, 6700 mils): Symbol C44 [CC0402KRX7R9BB104]
[lib_symbol_issues]: Symbol 'CC0402KRX7R9BB104' not found in symbol library 'Duc_Library'
    ; warning
    @(9200 mils, 7700 mils): Symbol C47 [CC0402KRX7R9BB104]
[unconnected_wire_endpoint]: Unconnected wire endpoint
    ; warning
    @(3250 mils, 3850 mils): Horizontal Wire, length 900 mils
[unconnected_wire_endpoint]: Unconnected wire endpoint
    ; warning
    @(3250 mils, 3950 mils): Horizontal Wire, length 900 mils
[unconnected_wire_endpoint]: Unconnected wire endpoint
    ; warning
    @(3250 mils, 4050 mils): Horizontal Wire, length 900 mils
[unconnected_wire_endpoint]: Unconnected wire endpoint
    ; warning
    @(3250 mils, 4150 mils): Horizontal Wire, length 900 mils
[unconnected_wire_endpoint]: Unconnected wire endpoint
    ; warning
    @(3250 mils, 4250 mils): Horizontal Wire, length 900 mils
[net_not_bus_member]: Net /Project Architecture/MCU - IOs/SWDIO1 is graphically connected to bus /Project Architecture/Interface - Interconnects/{SWD1} but is not a member of that bus
    ; warning
    @(6200 mils, 2650 mils): Bus to Wire Entry
    @(6300 mils, 2500 mils): Vertical Bus, length 50 mils
[net_not_bus_member]: Net /Project Architecture/MCU - IOs/SWCLK1 is graphically connected to bus /Project Architecture/Interface - Interconnects/{SWD1} but is not a member of that bus
    ; warning
    @(6200 mils, 2750 mils): Bus to Wire Entry
    @(6300 mils, 2650 mils): Vertical Bus, length 100 mils
[net_not_bus_member]: Net /Project Architecture/MCU - IOs/NRST1 is graphically connected to bus /Project Architecture/Interface - Interconnects/{SWD1} but is not a member of that bus
    ; warning
    @(6200 mils, 2850 mils): Bus to Wire Entry
    @(6300 mils, 2650 mils): Vertical Bus, length 100 mils
[net_not_bus_member]: Net /Project Architecture/MCU - IOs/SWDIO2 is graphically connected to bus /Project Architecture/Interface - Interconnects/{SWD2} but is not a member of that bus
    ; warning
    @(6200 mils, 3150 mils): Bus to Wire Entry
    @(6300 mils, 3050 mils): Vertical Bus, length 100 mils
[net_not_bus_member]: Net /Project Architecture/MCU - IOs/SWCLK2 is graphically connected to bus /Project Architecture/Interface - Interconnects/{SWD2} but is not a member of that bus
    ; warning
    @(6200 mils, 3250 mils): Bus to Wire Entry
    @(6300 mils, 3150 mils): Vertical Bus, length 100 mils
[net_not_bus_member]: Net /Project Architecture/MCU - IOs/NRST2 is graphically connected to bus /Project Architecture/Interface - Interconnects/{SWD2} but is not a member of that bus
    ; warning
    @(6200 mils, 3350 mils): Bus to Wire Entry
    @(6300 mils, 3150 mils): Vertical Bus, length 100 mils
[net_not_bus_member]: Net /Project Architecture/MCU - IOs/FDCAN1_RX is graphically connected to bus /Project Architecture/Interface - FD-CAN/{FDCAN1_TTL} but is not a member of that bus
    ; warning
    @(6100 mils, 4500 mils): Bus to Wire Entry
    @(6200 mils, 4400 mils): Vertical Bus, length 100 mils
[net_not_bus_member]: Net /Project Architecture/MCU - IOs/FDCAN1_TX is graphically connected to bus /Project Architecture/Interface - FD-CAN/{FDCAN1_TTL} but is not a member of that bus
    ; warning
    @(6100 mils, 4600 mils): Bus to Wire Entry
    @(6200 mils, 4400 mils): Vertical Bus, length 100 mils
[net_not_bus_member]: Net /Project Architecture/MCU - IOs/FDCAN2_RX is graphically connected to bus /Project Architecture/Interface - FD-CAN/{FDCAN2_TTL} but is not a member of that bus
    ; warning
    @(6100 mils, 5000 mils): Bus to Wire Entry
    @(6200 mils, 4850 mils): Vertical Bus, length 50 mils
[net_not_bus_member]: Net /Project Architecture/MCU - IOs/FDCAN2_TX is graphically connected to bus /Project Architecture/Interface - FD-CAN/{FDCAN2_TTL} but is not a member of that bus
    ; warning
    @(6100 mils, 5100 mils): Bus to Wire Entry
    @(6200 mils, 5000 mils): Vertical Bus, length 50 mils
[net_not_bus_member]: Net /Project Architecture/MCU - IOs/GPIO-LED_I is graphically connected to bus /Project Architecture/MCU - IOs/{LED_Finger 1} but is not a member of that bus
    ; warning
    @(5950 mils, 6250 mils): Bus to Wire Entry
    @(6050 mils, 6100 mils): Vertical Bus, length 50 mils
[net_not_bus_member]: Net /Project Architecture/MCU - IOs/GPIO-LED_T1 is graphically connected to bus /Project Architecture/MCU - IOs/{LED_Finger 1} but is not a member of that bus
    ; warning
    @(5950 mils, 6350 mils): Bus to Wire Entry
    @(6050 mils, 6250 mils): Vertical Bus, length 100 mils
[net_not_bus_member]: Net /Project Architecture/MCU - IOs/GPIO-LED_T2 is graphically connected to bus /Project Architecture/MCU - IOs/{LED_Finger 1} but is not a member of that bus
    ; warning
    @(5950 mils, 6450 mils): Bus to Wire Entry
    @(6050 mils, 6250 mils): Vertical Bus, length 100 mils
[net_not_bus_member]: Net /Project Architecture/MCU - IOs/GPIO-LED_P is graphically connected to bus /Project Architecture/MCU - IOs/{LED_Finger 2} but is not a member of that bus
    ; warning
    @(5950 mils, 6750 mils): Bus to Wire Entry
    @(6050 mils, 6600 mils): Vertical Bus, length 50 mils
[net_not_bus_member]: Net /Project Architecture/MCU - IOs/GPIO-LED_R is graphically connected to bus /Project Architecture/MCU - IOs/{LED_Finger 2} but is not a member of that bus
    ; warning
    @(5950 mils, 6850 mils): Bus to Wire Entry
    @(6050 mils, 6750 mils): Vertical Bus, length 100 mils
[net_not_bus_member]: Net /Project Architecture/MCU - IOs/GPIO-LED_M is graphically connected to bus /Project Architecture/MCU - IOs/{LED_Finger 2} but is not a member of that bus
    ; warning
    @(5950 mils, 6950 mils): Bus to Wire Entry
    @(6050 mils, 6750 mils): Vertical Bus, length 100 mils
[unconnected_wire_endpoint]: Unconnected wire endpoint
    ; warning
    @(3300 mils, 8400 mils): Horizontal Wire, length 850 mils
[net_not_bus_member]: Net /Project Architecture/MCU - IOs/GPIO-LED_Debug_1 is graphically connected to bus /Project Architecture/MCU - IOs/{LED_Debug} but is not a member of that bus
    ; warning
    @(5950 mils, 7250 mils): Bus to Wire Entry
    @(6050 mils, 7100 mils): Vertical Bus, length 50 mils
[net_not_bus_member]: Net /Project Architecture/MCU - IOs/GPIO-LED_Debug_2 is graphically connected to bus /Project Architecture/MCU - IOs/{LED_Debug} but is not a member of that bus
    ; warning
    @(5950 mils, 7350 mils): Bus to Wire Entry
    @(6050 mils, 7150 mils): Vertical Bus, length 100 mils
[unconnected_wire_endpoint]: Unconnected wire endpoint
    ; warning
    @(3300 mils, 8500 mils): Horizontal Wire, length 850 mils
[unconnected_wire_endpoint]: Unconnected wire endpoint
    ; warning
    @(3300 mils, 8600 mils): Horizontal Wire, length 850 mils
[unconnected_wire_endpoint]: Unconnected wire endpoint
    ; warning
    @(3300 mils, 8700 mils): Horizontal Wire, length 850 mils
[net_not_bus_member]: Net /Project Architecture/MCU - IOs/I2C_SDA is graphically connected to bus /Project Architecture/Interface - Interconnects/{I2C_CNT} but is not a member of that bus
    ; warning
    @(9150 mils, 3300 mils): Bus to Wire Entry
    @(9150 mils, 3250 mils): Vertical Bus, length 50 mils
[unconnected_wire_endpoint]: Unconnected wire endpoint
    ; warning
    @(3300 mils, 8800 mils): Horizontal Wire, length 850 mils
[net_not_bus_member]: Net /Project Architecture/MCU - IOs/I2C_SCL is graphically connected to bus /Project Architecture/Interface - Interconnects/{I2C_CNT} but is not a member of that bus
    ; warning
    @(9150 mils, 3400 mils): Bus to Wire Entry
    @(9150 mils, 3300 mils): Vertical Bus, length 100 mils
[unconnected_wire_endpoint]: Unconnected wire endpoint
    ; warning
    @(3300 mils, 9000 mils): Horizontal Wire, length 850 mils
[net_not_bus_member]: Net /Project Architecture/MCU - IOs/MCU_ID1 is graphically connected to bus /Project Architecture/MCU - IOs/{MCU_ID} but is not a member of that bus
    ; warning
    @(9050 mils, 4500 mils): Bus to Wire Entry
    @(9150 mils, 4400 mils): Vertical Bus, length 100 mils
[net_not_bus_member]: Net /Project Architecture/MCU - IOs/MCU_ID2 is graphically connected to bus /Project Architecture/MCU - IOs/{MCU_ID} but is not a member of that bus
    ; warning
    @(9050 mils, 4600 mils): Bus to Wire Entry
    @(9150 mils, 4400 mils): Vertical Bus, length 100 mils
[net_not_bus_member]: Net /Project Architecture/MCU - IOs/I2C-SDA_1 is graphically connected to bus /Project Architecture/MCU - IOs/{SHT40_1} but is not a member of that bus
    ; warning
    @(5950 mils, 8400 mils): Bus to Wire Entry
    @(6050 mils, 8250 mils): Vertical Bus, length 50 mils
[net_not_bus_member]: Net /Project Architecture/MCU - IOs/I2C-SCL_1 is graphically connected to bus /Project Architecture/MCU - IOs/{SHT40_1} but is not a member of that bus
    ; warning
    @(5950 mils, 8500 mils): Bus to Wire Entry
    @(6050 mils, 8400 mils): Vertical Bus, length 50 mils
[net_not_bus_member]: Net /Project Architecture/MCU - IOs/I2C-SDA_2 is graphically connected to bus /Project Architecture/MCU - IOs/{SHT40_2} but is not a member of that bus
    ; warning
    @(5950 mils, 8900 mils): Bus to Wire Entry
    @(6050 mils, 8800 mils): Vertical Bus, length 100 mils
[net_not_bus_member]: Net /Project Architecture/MCU - IOs/I2C-SCL_2 is graphically connected to bus /Project Architecture/MCU - IOs/{SHT40_2} but is not a member of that bus
    ; warning
    @(5950 mils, 9000 mils): Bus to Wire Entry
    @(6050 mils, 8900 mils): Vertical Bus, length 50 mils
[net_not_bus_member]: Net /Project Architecture/MCU - IOs/USB-DP_1 is graphically connected to bus /Project Architecture/Interface - USB 2.0/{USB_1} but is not a member of that bus
    ; warning
    @(6100 mils, 10250 mils): Bus to Wire Entry
    @(6200 mils, 10100 mils): Vertical Bus, length 50 mils
[net_not_bus_member]: Net /Project Architecture/MCU - IOs/USB-DM_1 is graphically connected to bus /Project Architecture/Interface - USB 2.0/{USB_1} but is not a member of that bus
    ; warning
    @(6100 mils, 10350 mils): Bus to Wire Entry
    @(6200 mils, 10250 mils): Vertical Bus, length 100 mils
[net_not_bus_member]: Net /Project Architecture/MCU - IOs/VBUS_DET1 is graphically connected to bus /Project Architecture/Interface - USB 2.0/{USB_1} but is not a member of that bus
    ; warning
    @(6100 mils, 10450 mils): Bus to Wire Entry
    @(6200 mils, 10250 mils): Vertical Bus, length 100 mils
[net_not_bus_member]: Net /Project Architecture/MCU - IOs/PWMA_I is graphically connected to bus /Project Architecture/MCU - IOs/{MD_I} but is not a member of that bus
    ; warning
    @(11900 mils, 2750 mils): Bus to Wire Entry
    @(12000 mils, 2600 mils): Vertical Bus, length 50 mils
[net_not_bus_member]: Net /Project Architecture/MCU - IOs/PWMB_I is graphically connected to bus /Project Architecture/MCU - IOs/{MD_I} but is not a member of that bus
    ; warning
    @(11900 mils, 2850 mils): Bus to Wire Entry
    @(12000 mils, 2750 mils): Vertical Bus, length 100 mils
[net_not_bus_member]: Net /Project Architecture/MCU - IOs/EN_I is graphically connected to bus /Project Architecture/MCU - IOs/{MD_I} but is not a member of that bus
    ; warning
    @(11900 mils, 2950 mils): Bus to Wire Entry
    @(12000 mils, 2850 mils): Vertical Bus, length 100 mils
[net_not_bus_member]: Net /Project Architecture/MCU - IOs/DIAG_I is graphically connected to bus /Project Architecture/MCU - IOs/{MD_I} but is not a member of that bus
    ; warning
    @(11900 mils, 3050 mils): Bus to Wire Entry
    @(12000 mils, 2850 mils): Vertical Bus, length 100 mils
[net_not_bus_member]: Net /Project Architecture/MCU - IOs/OCM_I is graphically connected to bus /Project Architecture/MCU - IOs/{MD_I} but is not a member of that bus
    ; warning
    @(11900 mils, 3150 mils): Bus to Wire Entry
    @(12000 mils, 3050 mils): Vertical Bus, length 100 mils
[net_not_bus_member]: Net /Project Architecture/MCU - IOs/ECA_I is graphically connected to bus /Project Architecture/MCU - IOs/{MD_I} but is not a member of that bus
    ; warning
    @(11900 mils, 3250 mils): Bus to Wire Entry
    @(12000 mils, 3150 mils): Vertical Bus, length 100 mils
[net_not_bus_member]: Net /Project Architecture/MCU - IOs/ECB_I is graphically connected to bus /Project Architecture/MCU - IOs/{MD_I} but is not a member of that bus
    ; warning
    @(11900 mils, 3350 mils): Bus to Wire Entry
    @(12000 mils, 3150 mils): Vertical Bus, length 100 mils
[net_not_bus_member]: Net /Project Architecture/MCU - IOs/ECC_I is graphically connected to bus /Project Architecture/MCU - IOs/{MD_I} but is not a member of that bus
    ; warning
    @(11900 mils, 3450 mils): Bus to Wire Entry
    @(12000 mils, 3250 mils): Vertical Bus, length 100 mils
[net_not_bus_member]: Net /Project Architecture/MCU - IOs/PWMA_M is graphically connected to bus /Project Architecture/MCU - IOs/{MD_M} but is not a member of that bus
    ; warning
    @(11900 mils, 3750 mils): Bus to Wire Entry
    @(12000 mils, 3650 mils): Vertical Bus, length 100 mils
[net_not_bus_member]: Net /Project Architecture/MCU - IOs/PWMB_M is graphically connected to bus /Project Architecture/MCU - IOs/{MD_M} but is not a member of that bus
    ; warning
    @(11900 mils, 3850 mils): Bus to Wire Entry
    @(12000 mils, 3650 mils): Vertical Bus, length 100 mils
[net_not_bus_member]: Net /Project Architecture/MCU - IOs/BOOT_1 is graphically connected to bus /Project Architecture/MCU - IOs/{SW_BOOT} but is not a member of that bus
    ; warning
    @(9050 mils, 8650 mils): Bus to Wire Entry
    @(9150 mils, 8500 mils): Vertical Bus, length 50 mils
[net_not_bus_member]: Net /Project Architecture/MCU - IOs/EN_M is graphically connected to bus /Project Architecture/MCU - IOs/{MD_M} but is not a member of that bus
    ; warning
    @(11900 mils, 3950 mils): Bus to Wire Entry
    @(12000 mils, 3850 mils): Vertical Bus, length 100 mils
[net_not_bus_member]: Net /Project Architecture/MCU - IOs/DIAG_M is graphically connected to bus /Project Architecture/MCU - IOs/{MD_M} but is not a member of that bus
    ; warning
    @(11900 mils, 4050 mils): Bus to Wire Entry
    @(12000 mils, 3850 mils): Vertical Bus, length 100 mils
[net_not_bus_member]: Net /Project Architecture/MCU - IOs/BOOT_2 is graphically connected to bus /Project Architecture/MCU - IOs/{SW_BOOT} but is not a member of that bus
    ; warning
    @(9050 mils, 8750 mils): Bus to Wire Entry
    @(9150 mils, 8650 mils): Vertical Bus, length 50 mils
[net_not_bus_member]: Net /Project Architecture/MCU - IOs/OCM_M is graphically connected to bus /Project Architecture/MCU - IOs/{MD_M} but is not a member of that bus
    ; warning
    @(11900 mils, 4150 mils): Bus to Wire Entry
    @(12000 mils, 4050 mils): Vertical Bus, length 100 mils
[net_not_bus_member]: Net /Project Architecture/MCU - IOs/ECA_M is graphically connected to bus /Project Architecture/MCU - IOs/{MD_M} but is not a member of that bus
    ; warning
    @(11900 mils, 4250 mils): Bus to Wire Entry
    @(12000 mils, 4150 mils): Vertical Bus, length 100 mils
[net_not_bus_member]: Net /Project Architecture/MCU - IOs/ECB_M is graphically connected to bus /Project Architecture/MCU - IOs/{MD_M} but is not a member of that bus
    ; warning
    @(11900 mils, 4350 mils): Bus to Wire Entry
    @(12000 mils, 4150 mils): Vertical Bus, length 100 mils
[net_not_bus_member]: Net /Project Architecture/MCU - IOs/ECC_M is graphically connected to bus /Project Architecture/MCU - IOs/{MD_M} but is not a member of that bus
    ; warning
    @(11900 mils, 4450 mils): Bus to Wire Entry
    @(12000 mils, 4250 mils): Vertical Bus, length 100 mils
[net_not_bus_member]: Net /Project Architecture/MCU - IOs/PWMA_R is graphically connected to bus /Project Architecture/MCU - IOs/{MD_R} but is not a member of that bus
    ; warning
    @(11900 mils, 4750 mils): Bus to Wire Entry
    @(12000 mils, 4650 mils): Vertical Bus, length 100 mils
[net_not_bus_member]: Net /Project Architecture/MCU - IOs/PWMB_R is graphically connected to bus /Project Architecture/MCU - IOs/{MD_R} but is not a member of that bus
    ; warning
    @(11900 mils, 4850 mils): Bus to Wire Entry
    @(12000 mils, 4750 mils): Vertical Bus, length 100 mils
[net_not_bus_member]: Net /Project Architecture/MCU - IOs/EN_R is graphically connected to bus /Project Architecture/MCU - IOs/{MD_R} but is not a member of that bus
    ; warning
    @(11900 mils, 4950 mils): Bus to Wire Entry
    @(12000 mils, 4750 mils): Vertical Bus, length 100 mils
[net_not_bus_member]: Net /Project Architecture/MCU - IOs/DIAG_R is graphically connected to bus /Project Architecture/MCU - IOs/{MD_R} but is not a member of that bus
    ; warning
    @(11900 mils, 5050 mils): Bus to Wire Entry
    @(12000 mils, 4950 mils): Vertical Bus, length 100 mils
[net_not_bus_member]: Net /Project Architecture/MCU - IOs/OCM_R is graphically connected to bus /Project Architecture/MCU - IOs/{MD_R} but is not a member of that bus
    ; warning
    @(11900 mils, 5150 mils): Bus to Wire Entry
    @(12000 mils, 4950 mils): Vertical Bus, length 100 mils
[net_not_bus_member]: Net /Project Architecture/MCU - IOs/ECA_R is graphically connected to bus /Project Architecture/MCU - IOs/{MD_R} but is not a member of that bus
    ; warning
    @(11900 mils, 5250 mils): Bus to Wire Entry
    @(12000 mils, 5050 mils): Vertical Bus, length 100 mils
[net_not_bus_member]: Net /Project Architecture/MCU - IOs/ECB_R is graphically connected to bus /Project Architecture/MCU - IOs/{MD_R} but is not a member of that bus
    ; warning
    @(11900 mils, 5350 mils): Bus to Wire Entry
    @(12000 mils, 5250 mils): Vertical Bus, length 100 mils
[net_not_bus_member]: Net /Project Architecture/MCU - IOs/ECC_R is graphically connected to bus /Project Architecture/MCU - IOs/{MD_R} but is not a member of that bus
    ; warning
    @(11900 mils, 5450 mils): Bus to Wire Entry
    @(12000 mils, 5250 mils): Vertical Bus, length 100 mils
[net_not_bus_member]: Net /Project Architecture/MCU - IOs/PWMA_P is graphically connected to bus /Project Architecture/MCU - IOs/{MD_P} but is not a member of that bus
    ; warning
    @(11900 mils, 5750 mils): Bus to Wire Entry
    @(12000 mils, 5600 mils): Vertical Bus, length 50 mils
[net_not_bus_member]: Net /Project Architecture/MCU - IOs/PWMB_P is graphically connected to bus /Project Architecture/MCU - IOs/{MD_P} but is not a member of that bus
    ; warning
    @(11900 mils, 5850 mils): Bus to Wire Entry
    @(12000 mils, 5750 mils): Vertical Bus, length 100 mils
[net_not_bus_member]: Net /Project Architecture/MCU - IOs/EN_P is graphically connected to bus /Project Architecture/MCU - IOs/{MD_P} but is not a member of that bus
    ; warning
    @(11900 mils, 5950 mils): Bus to Wire Entry
    @(12000 mils, 5750 mils): Vertical Bus, length 100 mils
[net_not_bus_member]: Net /Project Architecture/MCU - IOs/DIAG_P is graphically connected to bus /Project Architecture/MCU - IOs/{MD_P} but is not a member of that bus
    ; warning
    @(11900 mils, 6050 mils): Bus to Wire Entry
    @(12000 mils, 5950 mils): Vertical Bus, length 100 mils
[net_not_bus_member]: Net /Project Architecture/MCU - IOs/USB-DP_2 is graphically connected to bus /Project Architecture/Interface - USB 2.0/{USB_2} but is not a member of that bus
    ; warning
    @(8600 mils, 10250 mils): Bus to Wire Entry
    @(8700 mils, 10100 mils): Vertical Bus, length 50 mils
[net_not_bus_member]: Net /Project Architecture/MCU - IOs/OCM_P is graphically connected to bus /Project Architecture/MCU - IOs/{MD_P} but is not a member of that bus
    ; warning
    @(11900 mils, 6150 mils): Bus to Wire Entry
    @(12000 mils, 5950 mils): Vertical Bus, length 100 mils
[net_not_bus_member]: Net /Project Architecture/MCU - IOs/ECA_P is graphically connected to bus /Project Architecture/MCU - IOs/{MD_P} but is not a member of that bus
    ; warning
    @(11900 mils, 6250 mils): Bus to Wire Entry
    @(12000 mils, 6150 mils): Vertical Bus, length 100 mils
[net_not_bus_member]: Net /Project Architecture/MCU - IOs/USB-DM_2 is graphically connected to bus /Project Architecture/Interface - USB 2.0/{USB_2} but is not a member of that bus
    ; warning
    @(8600 mils, 10350 mils): Bus to Wire Entry
    @(8700 mils, 10250 mils): Vertical Bus, length 100 mils
[net_not_bus_member]: Net /Project Architecture/MCU - IOs/ECB_P is graphically connected to bus /Project Architecture/MCU - IOs/{MD_P} but is not a member of that bus
    ; warning
    @(11900 mils, 6350 mils): Bus to Wire Entry
    @(12000 mils, 6250 mils): Vertical Bus, length 100 mils
[net_not_bus_member]: Net /Project Architecture/MCU - IOs/VBUS_DET2 is graphically connected to bus /Project Architecture/Interface - USB 2.0/{USB_2} but is not a member of that bus
    ; warning
    @(8600 mils, 10450 mils): Bus to Wire Entry
    @(8700 mils, 10250 mils): Vertical Bus, length 100 mils
[net_not_bus_member]: Net /Project Architecture/MCU - IOs/ECC_P is graphically connected to bus /Project Architecture/MCU - IOs/{MD_P} but is not a member of that bus
    ; warning
    @(11900 mils, 6450 mils): Bus to Wire Entry
    @(12000 mils, 6250 mils): Vertical Bus, length 100 mils
[net_not_bus_member]: Net /Project Architecture/MCU - IOs/PWMA_T1 is graphically connected to bus /Project Architecture/MCU - IOs/{MD_T1} but is not a member of that bus
    ; warning
    @(11900 mils, 6800 mils): Bus to Wire Entry
    @(12000 mils, 6700 mils): Vertical Bus, length 100 mils
[net_not_bus_member]: Net /Project Architecture/MCU - IOs/PWMB_T1 is graphically connected to bus /Project Architecture/MCU - IOs/{MD_T1} but is not a member of that bus
    ; warning
    @(11900 mils, 6900 mils): Bus to Wire Entry
    @(12000 mils, 6800 mils): Vertical Bus, length 100 mils
[net_not_bus_member]: Net /Project Architecture/MCU - IOs/EN_T1 is graphically connected to bus /Project Architecture/MCU - IOs/{MD_T1} but is not a member of that bus
    ; warning
    @(11900 mils, 7000 mils): Bus to Wire Entry
    @(12000 mils, 6800 mils): Vertical Bus, length 100 mils
[net_not_bus_member]: Net /Project Architecture/MCU - IOs/DIAG_T1 is graphically connected to bus /Project Architecture/MCU - IOs/{MD_T1} but is not a member of that bus
    ; warning
    @(11900 mils, 7100 mils): Bus to Wire Entry
    @(12000 mils, 6900 mils): Vertical Bus, length 100 mils
[net_not_bus_member]: Net /Project Architecture/MCU - IOs/OCM_T1 is graphically connected to bus /Project Architecture/MCU - IOs/{MD_T1} but is not a member of that bus
    ; warning
    @(11900 mils, 7200 mils): Bus to Wire Entry
    @(12000 mils, 7100 mils): Vertical Bus, length 100 mils
[net_not_bus_member]: Net /Project Architecture/MCU - IOs/ECA_T1 is graphically connected to bus /Project Architecture/MCU - IOs/{MD_T1} but is not a member of that bus
    ; warning
    @(11900 mils, 7300 mils): Bus to Wire Entry
    @(12000 mils, 7100 mils): Vertical Bus, length 100 mils
[net_not_bus_member]: Net /Project Architecture/MCU - IOs/ECB_T1 is graphically connected to bus /Project Architecture/MCU - IOs/{MD_T1} but is not a member of that bus
    ; warning
    @(11900 mils, 7400 mils): Bus to Wire Entry
    @(12000 mils, 7300 mils): Vertical Bus, length 100 mils
[net_not_bus_member]: Net /Project Architecture/MCU - IOs/ECC_T1 is graphically connected to bus /Project Architecture/MCU - IOs/{MD_T1} but is not a member of that bus
    ; warning
    @(11900 mils, 7500 mils): Bus to Wire Entry
    @(12000 mils, 7300 mils): Vertical Bus, length 100 mils
[net_not_bus_member]: Net /Project Architecture/MCU - IOs/PWMA_T2 is graphically connected to bus /Project Architecture/MCU - IOs/{MD_T2} but is not a member of that bus
    ; warning
    @(11900 mils, 7800 mils): Bus to Wire Entry
    @(12000 mils, 7700 mils): Vertical Bus, length 100 mils
[net_not_bus_member]: Net /Project Architecture/MCU - IOs/PWMB_T2 is graphically connected to bus /Project Architecture/MCU - IOs/{MD_T2} but is not a member of that bus
    ; warning
    @(11900 mils, 7900 mils): Bus to Wire Entry
    @(12000 mils, 7700 mils): Vertical Bus, length 100 mils
[net_not_bus_member]: Net /Project Architecture/MCU - IOs/EN_T2 is graphically connected to bus /Project Architecture/MCU - IOs/{MD_T2} but is not a member of that bus
    ; warning
    @(11900 mils, 8000 mils): Bus to Wire Entry
    @(12000 mils, 7900 mils): Vertical Bus, length 100 mils
[net_not_bus_member]: Net /Project Architecture/MCU - IOs/DIAG_T2 is graphically connected to bus /Project Architecture/MCU - IOs/{MD_T2} but is not a member of that bus
    ; warning
    @(11900 mils, 8100 mils): Bus to Wire Entry
    @(12000 mils, 7900 mils): Vertical Bus, length 100 mils
[net_not_bus_member]: Net /Project Architecture/MCU - IOs/OCM_T2 is graphically connected to bus /Project Architecture/MCU - IOs/{MD_T2} but is not a member of that bus
    ; warning
    @(11900 mils, 8200 mils): Bus to Wire Entry
    @(12000 mils, 8100 mils): Vertical Bus, length 100 mils
[net_not_bus_member]: Net /Project Architecture/MCU - IOs/ECA_T2 is graphically connected to bus /Project Architecture/MCU - IOs/{MD_T2} but is not a member of that bus
    ; warning
    @(11900 mils, 8300 mils): Bus to Wire Entry
    @(12000 mils, 8100 mils): Vertical Bus, length 100 mils
[net_not_bus_member]: Net /Project Architecture/MCU - IOs/ECB_T2 is graphically connected to bus /Project Architecture/MCU - IOs/{MD_T2} but is not a member of that bus
    ; warning
    @(11900 mils, 8400 mils): Bus to Wire Entry
    @(12000 mils, 8200 mils): Vertical Bus, length 100 mils
[net_not_bus_member]: Net /Project Architecture/MCU - IOs/ECC_T2 is graphically connected to bus /Project Architecture/MCU - IOs/{MD_T2} but is not a member of that bus
    ; warning
    @(11900 mils, 8500 mils): Bus to Wire Entry
    @(12000 mils, 8300 mils): Vertical Bus, length 100 mils
[net_not_bus_member]: Net /Project Architecture/Motor Control - Index/PWMA_I is graphically connected to bus /Project Architecture/MCU - IOs/{MD_I} but is not a member of that bus
    ; warning
    @(8400 mils, 1750 mils): Bus to Wire Entry
    @(8500 mils, 1600 mils): Vertical Bus, length 50 mils
[net_not_bus_member]: Net /Project Architecture/Motor Control - Index/PWMB_I is graphically connected to bus /Project Architecture/MCU - IOs/{MD_I} but is not a member of that bus
    ; warning
    @(8400 mils, 1850 mils): Bus to Wire Entry
    @(8500 mils, 1750 mils): Vertical Bus, length 100 mils
[net_not_bus_member]: Net /Project Architecture/Motor Control - Index/EN_I is graphically connected to bus /Project Architecture/MCU - IOs/{MD_I} but is not a member of that bus
    ; warning
    @(8400 mils, 1950 mils): Bus to Wire Entry
    @(8500 mils, 1850 mils): Vertical Bus, length 100 mils
[net_not_bus_member]: Net /Project Architecture/Motor Control - Index/DIAG_I is graphically connected to bus /Project Architecture/MCU - IOs/{MD_I} but is not a member of that bus
    ; warning
    @(8400 mils, 2050 mils): Bus to Wire Entry
    @(8500 mils, 1850 mils): Vertical Bus, length 100 mils
[net_not_bus_member]: Net /Project Architecture/Motor Control - Index/OCM_I is graphically connected to bus /Project Architecture/MCU - IOs/{MD_I} but is not a member of that bus
    ; warning
    @(8400 mils, 2150 mils): Bus to Wire Entry
    @(8500 mils, 2050 mils): Vertical Bus, length 100 mils
[net_not_bus_member]: Net /Project Architecture/Motor Control - Index/ECA_I is graphically connected to bus /Project Architecture/MCU - IOs/{MD_I} but is not a member of that bus
    ; warning
    @(8400 mils, 2250 mils): Bus to Wire Entry
    @(8500 mils, 2150 mils): Vertical Bus, length 100 mils
[net_not_bus_member]: Net /Project Architecture/Motor Control - Index/ECB_I is graphically connected to bus /Project Architecture/MCU - IOs/{MD_I} but is not a member of that bus
    ; warning
    @(8400 mils, 2350 mils): Bus to Wire Entry
    @(8500 mils, 2150 mils): Vertical Bus, length 100 mils
[net_not_bus_member]: Net /Project Architecture/Motor Control - Index/ECC_I is graphically connected to bus /Project Architecture/MCU - IOs/{MD_I} but is not a member of that bus
    ; warning
    @(8400 mils, 2450 mils): Bus to Wire Entry
    @(8500 mils, 2250 mils): Vertical Bus, length 100 mils
[net_not_bus_member]: Net /Project Architecture/Motor Control - Middle/PWMA_M is graphically connected to bus /Project Architecture/MCU - IOs/{MD_M} but is not a member of that bus
    ; warning
    @(8400 mils, 1750 mils): Bus to Wire Entry
    @(8500 mils, 1600 mils): Vertical Bus, length 50 mils
[net_not_bus_member]: Net /Project Architecture/Motor Control - Middle/PWMB_M is graphically connected to bus /Project Architecture/MCU - IOs/{MD_M} but is not a member of that bus
    ; warning
    @(8400 mils, 1850 mils): Bus to Wire Entry
    @(8500 mils, 1750 mils): Vertical Bus, length 100 mils
[net_not_bus_member]: Net /Project Architecture/Motor Control - Middle/EN_M is graphically connected to bus /Project Architecture/MCU - IOs/{MD_M} but is not a member of that bus
    ; warning
    @(8400 mils, 1950 mils): Bus to Wire Entry
    @(8500 mils, 1750 mils): Vertical Bus, length 100 mils
[net_not_bus_member]: Net /Project Architecture/Motor Control - Middle/DIAG_M is graphically connected to bus /Project Architecture/MCU - IOs/{MD_M} but is not a member of that bus
    ; warning
    @(8400 mils, 2050 mils): Bus to Wire Entry
    @(8500 mils, 1850 mils): Vertical Bus, length 100 mils
[net_not_bus_member]: Net /Project Architecture/Motor Control - Middle/OCM_M is graphically connected to bus /Project Architecture/MCU - IOs/{MD_M} but is not a member of that bus
    ; warning
    @(8400 mils, 2150 mils): Bus to Wire Entry
    @(8500 mils, 2050 mils): Vertical Bus, length 100 mils
[net_not_bus_member]: Net /Project Architecture/Motor Control - Middle/ECA_M is graphically connected to bus /Project Architecture/MCU - IOs/{MD_M} but is not a member of that bus
    ; warning
    @(8400 mils, 2250 mils): Bus to Wire Entry
    @(8500 mils, 2150 mils): Vertical Bus, length 100 mils
[net_not_bus_member]: Net /Project Architecture/Motor Control - Middle/ECB_M is graphically connected to bus /Project Architecture/MCU - IOs/{MD_M} but is not a member of that bus
    ; warning
    @(8400 mils, 2350 mils): Bus to Wire Entry
    @(8500 mils, 2150 mils): Vertical Bus, length 100 mils
[net_not_bus_member]: Net /Project Architecture/Motor Control - Middle/ECC_M is graphically connected to bus /Project Architecture/MCU - IOs/{MD_M} but is not a member of that bus
    ; warning
    @(8400 mils, 2450 mils): Bus to Wire Entry
    @(8500 mils, 2250 mils): Vertical Bus, length 100 mils
[net_not_bus_member]: Net /Project Architecture/Motor Control - Ring/PWMA_R is graphically connected to bus /Project Architecture/MCU - IOs/{MD_R} but is not a member of that bus
    ; warning
    @(8400 mils, 1750 mils): Bus to Wire Entry
    @(8500 mils, 1600 mils): Vertical Bus, length 50 mils
[net_not_bus_member]: Net /Project Architecture/Motor Control - Ring/PWMB_R is graphically connected to bus /Project Architecture/MCU - IOs/{MD_R} but is not a member of that bus
    ; warning
    @(8400 mils, 1850 mils): Bus to Wire Entry
    @(8500 mils, 1750 mils): Vertical Bus, length 100 mils
[net_not_bus_member]: Net /Project Architecture/Motor Control - Ring/EN_R is graphically connected to bus /Project Architecture/MCU - IOs/{MD_R} but is not a member of that bus
    ; warning
    @(8400 mils, 1950 mils): Bus to Wire Entry
    @(8500 mils, 1750 mils): Vertical Bus, length 100 mils
[net_not_bus_member]: Net /Project Architecture/Motor Control - Ring/DIAG_R is graphically connected to bus /Project Architecture/MCU - IOs/{MD_R} but is not a member of that bus
    ; warning
    @(8400 mils, 2050 mils): Bus to Wire Entry
    @(8500 mils, 1950 mils): Vertical Bus, length 100 mils
[net_not_bus_member]: Net /Project Architecture/Motor Control - Ring/OCM_R is graphically connected to bus /Project Architecture/MCU - IOs/{MD_R} but is not a member of that bus
    ; warning
    @(8400 mils, 2150 mils): Bus to Wire Entry
    @(8500 mils, 2050 mils): Vertical Bus, length 100 mils
[net_not_bus_member]: Net /Project Architecture/Motor Control - Ring/ECA_R is graphically connected to bus /Project Architecture/MCU - IOs/{MD_R} but is not a member of that bus
    ; warning
    @(8400 mils, 2250 mils): Bus to Wire Entry
    @(8500 mils, 2150 mils): Vertical Bus, length 100 mils
[net_not_bus_member]: Net /Project Architecture/Motor Control - Ring/ECB_R is graphically connected to bus /Project Architecture/MCU - IOs/{MD_R} but is not a member of that bus
    ; warning
    @(8400 mils, 2350 mils): Bus to Wire Entry
    @(8500 mils, 2150 mils): Vertical Bus, length 100 mils
[net_not_bus_member]: Net /Project Architecture/Motor Control - Ring/ECC_R is graphically connected to bus /Project Architecture/MCU - IOs/{MD_R} but is not a member of that bus
    ; warning
    @(8400 mils, 2450 mils): Bus to Wire Entry
    @(8500 mils, 2250 mils): Vertical Bus, length 100 mils
[net_not_bus_member]: Net /Project Architecture/Motor Control - Pinky/PWMA_P is graphically connected to bus /Project Architecture/MCU - IOs/{MD_P} but is not a member of that bus
    ; warning
    @(8400 mils, 1750 mils): Bus to Wire Entry
    @(8500 mils, 1650 mils): Vertical Bus, length 100 mils
[net_not_bus_member]: Net /Project Architecture/Motor Control - Pinky/PWMB_P is graphically connected to bus /Project Architecture/MCU - IOs/{MD_P} but is not a member of that bus
    ; warning
    @(8400 mils, 1850 mils): Bus to Wire Entry
    @(8500 mils, 1650 mils): Vertical Bus, length 100 mils
[net_not_bus_member]: Net /Project Architecture/Motor Control - Pinky/EN_P is graphically connected to bus /Project Architecture/MCU - IOs/{MD_P} but is not a member of that bus
    ; warning
    @(8400 mils, 1950 mils): Bus to Wire Entry
    @(8500 mils, 1850 mils): Vertical Bus, length 100 mils
[net_not_bus_member]: Net /Project Architecture/Motor Control - Pinky/DIAG_P is graphically connected to bus /Project Architecture/MCU - IOs/{MD_P} but is not a member of that bus
    ; warning
    @(8400 mils, 2050 mils): Bus to Wire Entry
    @(8500 mils, 1850 mils): Vertical Bus, length 100 mils
[net_not_bus_member]: Net /Project Architecture/Motor Control - Pinky/OCM_P is graphically connected to bus /Project Architecture/MCU - IOs/{MD_P} but is not a member of that bus
    ; warning
    @(8400 mils, 2150 mils): Bus to Wire Entry
    @(8500 mils, 1950 mils): Vertical Bus, length 100 mils
[net_not_bus_member]: Net /Project Architecture/Motor Control - Pinky/ECA_P is graphically connected to bus /Project Architecture/MCU - IOs/{MD_P} but is not a member of that bus
    ; warning
    @(8400 mils, 2250 mils): Bus to Wire Entry
    @(8500 mils, 2050 mils): Vertical Bus, length 100 mils
[net_not_bus_member]: Net /Project Architecture/Motor Control - Pinky/ECB_P is graphically connected to bus /Project Architecture/MCU - IOs/{MD_P} but is not a member of that bus
    ; warning
    @(8400 mils, 2350 mils): Bus to Wire Entry
    @(8500 mils, 2250 mils): Vertical Bus, length 100 mils
[net_not_bus_member]: Net /Project Architecture/Motor Control - Pinky/ECC_P is graphically connected to bus /Project Architecture/MCU - IOs/{MD_P} but is not a member of that bus
    ; warning
    @(8400 mils, 2450 mils): Bus to Wire Entry
    @(8500 mils, 2250 mils): Vertical Bus, length 100 mils
[net_not_bus_member]: Net /Project Architecture/Motor Control - Thumb 1/PWMA_T1 is graphically connected to bus /Project Architecture/MCU - IOs/{MD_T1} but is not a member of that bus
    ; warning
    @(8400 mils, 1750 mils): Bus to Wire Entry
    @(8500 mils, 1600 mils): Vertical Bus, length 50 mils
[net_not_bus_member]: Net /Project Architecture/Motor Control - Thumb 1/PWMB_T1 is graphically connected to bus /Project Architecture/MCU - IOs/{MD_T1} but is not a member of that bus
    ; warning
    @(8400 mils, 1850 mils): Bus to Wire Entry
    @(8500 mils, 1750 mils): Vertical Bus, length 100 mils
[net_not_bus_member]: Net /Project Architecture/Motor Control - Thumb 1/EN_T1 is graphically connected to bus /Project Architecture/MCU - IOs/{MD_T1} but is not a member of that bus
    ; warning
    @(8400 mils, 1950 mils): Bus to Wire Entry
    @(8500 mils, 1850 mils): Vertical Bus, length 100 mils
[net_not_bus_member]: Net /Project Architecture/Motor Control - Thumb 1/DIAG_T1 is graphically connected to bus /Project Architecture/MCU - IOs/{MD_T1} but is not a member of that bus
    ; warning
    @(8400 mils, 2050 mils): Bus to Wire Entry
    @(8500 mils, 1950 mils): Vertical Bus, length 100 mils
[net_not_bus_member]: Net /Project Architecture/Motor Control - Thumb 1/OCM_T1 is graphically connected to bus /Project Architecture/MCU - IOs/{MD_T1} but is not a member of that bus
    ; warning
    @(8400 mils, 2150 mils): Bus to Wire Entry
    @(8500 mils, 1950 mils): Vertical Bus, length 100 mils
[net_not_bus_member]: Net /Project Architecture/Motor Control - Thumb 1/ECA_T1 is graphically connected to bus /Project Architecture/MCU - IOs/{MD_T1} but is not a member of that bus
    ; warning
    @(8400 mils, 2250 mils): Bus to Wire Entry
    @(8500 mils, 2150 mils): Vertical Bus, length 100 mils
[net_not_bus_member]: Net /Project Architecture/Motor Control - Thumb 1/ECB_T1 is graphically connected to bus /Project Architecture/MCU - IOs/{MD_T1} but is not a member of that bus
    ; warning
    @(8400 mils, 2350 mils): Bus to Wire Entry
    @(8500 mils, 2150 mils): Vertical Bus, length 100 mils
[net_not_bus_member]: Net /Project Architecture/Motor Control - Thumb 1/ECC_T1 is graphically connected to bus /Project Architecture/MCU - IOs/{MD_T1} but is not a member of that bus
    ; warning
    @(8400 mils, 2450 mils): Bus to Wire Entry
    @(8500 mils, 2250 mils): Vertical Bus, length 100 mils
[net_not_bus_member]: Net /Project Architecture/Motor Control - Thumb 2/PWMA_T2 is graphically connected to bus /Project Architecture/MCU - IOs/{MD_T2} but is not a member of that bus
    ; warning
    @(8400 mils, 1750 mils): Bus to Wire Entry
    @(8500 mils, 1650 mils): Vertical Bus, length 100 mils
[net_not_bus_member]: Net /Project Architecture/Motor Control - Thumb 2/PWMB_T2 is graphically connected to bus /Project Architecture/MCU - IOs/{MD_T2} but is not a member of that bus
    ; warning
    @(8400 mils, 1850 mils): Bus to Wire Entry
    @(8500 mils, 1750 mils): Vertical Bus, length 100 mils
[net_not_bus_member]: Net /Project Architecture/Motor Control - Thumb 2/EN_T2 is graphically connected to bus /Project Architecture/MCU - IOs/{MD_T2} but is not a member of that bus
    ; warning
    @(8400 mils, 1950 mils): Bus to Wire Entry
    @(8500 mils, 1750 mils): Vertical Bus, length 100 mils
[net_not_bus_member]: Net /Project Architecture/Motor Control - Thumb 2/DIAG_T2 is graphically connected to bus /Project Architecture/MCU - IOs/{MD_T2} but is not a member of that bus
    ; warning
    @(8400 mils, 2050 mils): Bus to Wire Entry
    @(8500 mils, 1950 mils): Vertical Bus, length 100 mils
[net_not_bus_member]: Net /Project Architecture/Motor Control - Thumb 2/OCM_T2 is graphically connected to bus /Project Architecture/MCU - IOs/{MD_T2} but is not a member of that bus
    ; warning
    @(8400 mils, 2150 mils): Bus to Wire Entry
    @(8500 mils, 1950 mils): Vertical Bus, length 100 mils
[net_not_bus_member]: Net /Project Architecture/Motor Control - Thumb 2/ECA_T2 is graphically connected to bus /Project Architecture/MCU - IOs/{MD_T2} but is not a member of that bus
    ; warning
    @(8400 mils, 2250 mils): Bus to Wire Entry
    @(8500 mils, 2050 mils): Vertical Bus, length 100 mils
[net_not_bus_member]: Net /Project Architecture/Motor Control - Thumb 2/ECB_T2 is graphically connected to bus /Project Architecture/MCU - IOs/{MD_T2} but is not a member of that bus
    ; warning
    @(8400 mils, 2350 mils): Bus to Wire Entry
    @(8500 mils, 2250 mils): Vertical Bus, length 100 mils
[net_not_bus_member]: Net /Project Architecture/Motor Control - Thumb 2/ECC_T2 is graphically connected to bus /Project Architecture/MCU - IOs/{MD_T2} but is not a member of that bus
    ; warning
    @(8400 mils, 2450 mils): Bus to Wire Entry
    @(8500 mils, 2250 mils): Vertical Bus, length 100 mils

***** Sheet /Block Diagram/

***** Sheet /Project Architecture/

***** Sheet /Project Architecture/Power - Generation/
[duplicate_pins]: Pin  on symbol 'FB1' is connected to different nets: /Project Architecture/Power - Generation/F_VIN_5V and /Project Architecture/Motor Control - Index/+VBAT
    ; error
    @(4100 mils, 2000 mils): Symbol FB1 Pin  [Unspecified, Line]
    @(3700 mils, 2000 mils): Symbol FB1 Pin  [Unspecified, Line]
[duplicate_pins]: Pin  on symbol 'FB2' is connected to different nets: /Project Architecture/Interface - FD-CAN/+5V and /Project Architecture/Power - Generation/F_VIN_3V3
    ; error
    @(6050 mils, 5000 mils): Symbol FB2 Pin  [Unspecified, Line]
    @(6450 mils, 5000 mils): Symbol FB2 Pin  [Unspecified, Line]
[power_pin_not_driven]: Input Power pin not driven by any Output Power pins
    ; error
    @(9150 mils, 5000 mils): Symbol U2 Pin 2 [VIN, Power input, Line]
[power_pin_not_driven]: Input Power pin not driven by any Output Power pins
    ; error
    @(9150 mils, 5500 mils): Symbol U2 Pin 1 [PGND, Power input, Line]
[power_pin_not_driven]: Input Power pin not driven by any Output Power pins
    ; error
    @(9950 mils, 5000 mils): Symbol U2 Pin 7 [SW, Power input, Line]
[pin_to_pin]: Pins of type Unspecified and Unspecified are connected
    ; warning
    @(3300 mils, 2200 mils): Symbol C3 Pin 2 [Unspecified, Line]
    @(3700 mils, 2000 mils): Symbol FB1 Pin  [Unspecified, Line]
[pin_to_pin]: Pins of type Unspecified and Power input are connected
    ; warning
    @(3300 mils, 2500 mils): Symbol C3 Pin 1 [Unspecified, Line]
    @(3300 mils, 2950 mils): Symbol #PWR03 Hidden pin 1 [-VBAT, Power input, Line]
[pin_to_pin]: Pins of type Unspecified and Passive are connected
    ; warning
    @(3700 mils, 2000 mils): Symbol FB1 Pin  [Unspecified, Line]
    @(2050 mils, 2150 mils): Symbol D1 Pin 1 [C, Passive, Line]
[pin_to_pin]: Pins of type Unspecified and Passive are connected
    ; warning
    @(4100 mils, 2000 mils): Symbol FB1 Pin  [Unspecified, Line]
    @(6600 mils, 2200 mils): Symbol R1 Pin 2 [Passive, Line]
[pin_to_pin]: Pins of type Unspecified and Unspecified are connected
    ; warning
    @(4500 mils, 2200 mils): Symbol C4 Pin 2 [Unspecified, Line]
    @(4100 mils, 2000 mils): Symbol FB1 Pin  [Unspecified, Line]
[pin_to_pin]: Pins of type Unspecified and Unspecified are connected
    ; warning
    @(4500 mils, 2500 mils): Symbol C4 Pin 1 [Unspecified, Line]
    @(5600 mils, 2500 mils): Symbol C5 Pin 1 [Unspecified, Line]
[pin_to_pin]: Pins of type Unspecified and Passive are connected
    ; warning
    @(5600 mils, 2200 mils): Symbol C5 Pin 2 [Unspecified, Line]
    @(6600 mils, 2200 mils): Symbol R1 Pin 2 [Passive, Line]
[pin_to_pin]: Pins of type Unspecified and Passive are connected
    ; warning
    @(5600 mils, 2500 mils): Symbol C5 Pin 1 [Unspecified, Line]
    @(6600 mils, 3200 mils): Symbol R2 Pin 1 [Passive, Line]
[pin_to_pin]: Pins of type Unspecified and Unspecified are connected
    ; warning
    @(5650 mils, 5200 mils): Symbol C10 Pin 2 [Unspecified, Line]
    @(6050 mils, 5000 mils): Symbol FB2 Pin  [Unspecified, Line]
[pin_to_pin]: Pins of type Unspecified and Unspecified are connected
    ; warning
    @(6050 mils, 5000 mils): Symbol FB2 Pin  [Unspecified, Line]
    @(9200 mils, 6500 mils): Symbol U3 Pin 1 [IN, Unspecified, Line]
[pin_to_pin]: Pins of type Unspecified and Power input are connected
    ; warning
    @(5650 mils, 5500 mils): Symbol C10 Pin 1 [Unspecified, Line]
    @(5650 mils, 5950 mils): Symbol #PWR012 Hidden pin 1 [-VBAT, Power input, Line]
[pin_to_pin]: Pins of type Unspecified and Passive are connected
    ; warning
    @(7650 mils, 2050 mils): Symbol C2 Pin 2 [Unspecified, Line]
    @(6600 mils, 2200 mils): Symbol R1 Pin 2 [Passive, Line]
[pin_to_pin]: Pins of type Unspecified and Power input are connected
    ; warning
    @(7650 mils, 2350 mils): Symbol C2 Pin 1 [Unspecified, Line]
    @(7650 mils, 2450 mils): Symbol #PWR01 Hidden pin 1 [-VBAT, Power input, Line]
[pin_to_pin]: Pins of type Unspecified and Power input are connected
    ; warning
    @(6450 mils, 5000 mils): Symbol FB2 Pin  [Unspecified, Line]
    @(9150 mils, 5000 mils): Symbol U2 Pin 2 [VIN, Power input, Line]
[pin_to_pin]: Pins of type Unspecified and Unspecified are connected
    ; warning
    @(7750 mils, 2950 mils): Symbol C8 Pin 2 [Unspecified, Line]
    @(8950 mils, 2900 mils): Symbol U1 Pin 23 [VCC, Unspecified, Line]
[pin_to_pin]: Pins of type Unspecified and Power input are connected
    ; warning
    @(7750 mils, 3250 mils): Symbol C8 Pin 1 [Unspecified, Line]
    @(7750 mils, 3350 mils): Symbol #PWR06 Hidden pin 1 [-VBAT, Power input, Line]
[pin_to_pin]: Pins of type Unspecified and Unspecified are connected
    ; warning
    @(6850 mils, 5200 mils): Symbol C11 Pin 2 [Unspecified, Line]
    @(6450 mils, 5000 mils): Symbol FB2 Pin  [Unspecified, Line]
[pin_to_pin]: Pins of type Unspecified and Unspecified are connected
    ; warning
    @(6850 mils, 5500 mils): Symbol C11 Pin 1 [Unspecified, Line]
    @(7950 mils, 5500 mils): Symbol C12 Pin 1 [Unspecified, Line]
[pin_to_pin]: Pins of type Unspecified and Unspecified are connected
    ; warning
    @(2950 mils, 8300 mils): Symbol C15 Pin 1 [1, Unspecified, Line]
    @(4200 mils, 8300 mils): Symbol C16 Pin 1 [1, Unspecified, Line]
[pin_to_pin]: Pins of type Unspecified and Unspecified are connected
    ; warning
    @(8950 mils, 2000 mils): Symbol U1 Pin 3 [VIN, Unspecified, Line]
    @(8950 mils, 2100 mils): Symbol U1 Pin 4 [VIN, Unspecified, Line]
[pin_to_pin]: Pins of type Unspecified and Power input are connected
    ; warning
    @(2950 mils, 8700 mils): Symbol C15 Pin 2 [2, Unspecified, Line]
    @(2950 mils, 8900 mils): Symbol #PWR014 Hidden pin 1 [-VBAT, Power input, Line]
[pin_to_pin]: Pins of type Unspecified and Unspecified are connected
    ; warning
    @(8950 mils, 2100 mils): Symbol U1 Pin 4 [VIN, Unspecified, Line]
    @(10050 mils, 2100 mils): Symbol U1 Pin 19 [VIN, Unspecified, Line]
[pin_to_pin]: Pins of type Unspecified and Unspecified are connected
    ; warning
    @(8950 mils, 2300 mils): Symbol U1 Pin 5 [PGND, Unspecified, Line]
    @(8950 mils, 2400 mils): Symbol U1 Pin 6 [PGND, Unspecified, Line]
[pin_to_pin]: Pins of type Unspecified and Unspecified are connected
    ; warning
    @(8950 mils, 2400 mils): Symbol U1 Pin 6 [PGND, Unspecified, Line]
    @(10050 mils, 2400 mils): Symbol U1 Pin 17 [PGND, Unspecified, Line]
[pin_to_pin]: Pins of type Unspecified and Unspecified are connected
    ; warning
    @(4200 mils, 8300 mils): Symbol C16 Pin 1 [1, Unspecified, Line]
    @(5100 mils, 8300 mils): Symbol C17 Pin 1 [1, Unspecified, Line]
[pin_to_pin]: Pins of type Unspecified and Passive are connected
    ; warning
    @(8950 mils, 2700 mils): Symbol U1 Pin 2 [EN/SYNC, Unspecified, Line]
    @(6600 mils, 2500 mils): Symbol R1 Pin 1 [Passive, Line]
[pin_to_pin]: Pins of type Unspecified and Unspecified are connected
    ; warning
    @(8950 mils, 3100 mils): Symbol U1 Pin 20 [CBOOT, Unspecified, Line]
    @(8950 mils, 3200 mils): Symbol U1 Pin 21 [RBOOT, Unspecified, Line]
[pin_to_pin]: Pins of type Unspecified and Power input are connected
    ; warning
    @(7950 mils, 5200 mils): Symbol C12 Pin 2 [Unspecified, Line]
    @(9150 mils, 5000 mils): Symbol U2 Pin 2 [VIN, Power input, Line]
[pin_to_pin]: Pins of type Unspecified and Unspecified are connected
    ; warning
    @(8950 mils, 3400 mils): Symbol U1 Pin 26 [PG, Unspecified, Line]
    @(9150 mils, 5200 mils): Symbol U2 Pin 3 [EN, Unspecified, Line]
[pin_to_pin]: Pins of type Unspecified and Unspecified are connected
    ; warning
    @(4200 mils, 8700 mils): Symbol C16 Pin 2 [2, Unspecified, Line]
    @(5100 mils, 8700 mils): Symbol C17 Pin 2 [2, Unspecified, Line]
[pin_to_pin]: Pins of type Unspecified and Power input are connected
    ; warning
    @(7950 mils, 5500 mils): Symbol C12 Pin 1 [Unspecified, Line]
    @(8800 mils, 5800 mils): Symbol #PWR010 Hidden pin 1 [-VBAT, Power input, Line]
[pin_to_pin]: Pins of type Unspecified and Passive are connected
    ; warning
    @(8950 mils, 3800 mils): Symbol U1 Pin 1 [RT, Unspecified, Line]
    @(8050 mils, 3850 mils): Symbol R4 Pin 2 [Passive, Line]
[pin_to_pin]: Pins of type Unspecified and Unspecified are connected
    ; warning
    @(5100 mils, 8300 mils): Symbol C17 Pin 1 [1, Unspecified, Line]
    @(6000 mils, 8300 mils): Symbol C18 Pin 1 [1, Unspecified, Line]
[pin_to_pin]: Pins of type Unspecified and Unspecified are connected
    ; warning
    @(5100 mils, 8700 mils): Symbol C17 Pin 2 [2, Unspecified, Line]
    @(6000 mils, 8700 mils): Symbol C18 Pin 2 [2, Unspecified, Line]
[pin_to_pin]: Pins of type Unspecified and Unspecified are connected
    ; warning
    @(9250 mils, 4200 mils): Symbol U1 Pin 24 [AGND, Unspecified, Line]
    @(9350 mils, 4200 mils): Symbol U1 Pin 27 [AGND, Unspecified, Line]
[pin_to_pin]: Pins of type Unspecified and Unspecified are connected
    ; warning
    @(6000 mils, 8300 mils): Symbol C18 Pin 1 [1, Unspecified, Line]
    @(6900 mils, 8300 mils): Symbol C19 Pin 1 [1, Unspecified, Line]
[pin_to_pin]: Pins of type Unspecified and Unspecified are connected
    ; warning
    @(10050 mils, 2000 mils): Symbol U1 Pin 18 [VIN, Unspecified, Line]
    @(10050 mils, 2100 mils): Symbol U1 Pin 19 [VIN, Unspecified, Line]
[pin_to_pin]: Pins of type Unspecified and Power input are connected
    ; warning
    @(9350 mils, 4200 mils): Symbol U1 Pin 27 [AGND, Unspecified, Line]
    @(9500 mils, 4250 mils): Symbol #PWR08 Hidden pin 1 [-VBAT, Power input, Line]
[pin_to_pin]: Pins of type Unspecified and Unspecified are connected
    ; warning
    @(7850 mils, 6600 mils): Symbol C13 Pin 2 [Unspecified, Line]
    @(9200 mils, 6500 mils): Symbol U3 Pin 1 [IN, Unspecified, Line]
[pin_to_pin]: Pins of type Unspecified and Passive are connected
    ; warning
    @(10050 mils, 2100 mils): Symbol U1 Pin 19 [VIN, Unspecified, Line]
    @(6600 mils, 2200 mils): Symbol R1 Pin 2 [Passive, Line]
[pin_to_pin]: Pins of type Unspecified and Unspecified are connected
    ; warning
    @(10050 mils, 2300 mils): Symbol U1 Pin 16 [PGND, Unspecified, Line]
    @(10050 mils, 2400 mils): Symbol U1 Pin 17 [PGND, Unspecified, Line]
[pin_to_pin]: Pins of type Unspecified and Power input are connected
    ; warning
    @(10050 mils, 2400 mils): Symbol U1 Pin 17 [PGND, Unspecified, Line]
    @(11100 mils, 2450 mils): Symbol #PWR02 Hidden pin 1 [-VBAT, Power input, Line]
[pin_to_pin]: Pins of type Unspecified and Unspecified are connected
    ; warning
    @(10050 mils, 2700 mils): Symbol U1 Pin 22 [VLDOIN, Unspecified, Line]
    @(10050 mils, 3600 mils): Symbol U1 Pin 30 [VOUT, Unspecified, Line]
[pin_to_pin]: Pins of type Unspecified and Unspecified are connected
    ; warning
    @(10050 mils, 2800 mils): Symbol U1 Pin 7 [VOUT, Unspecified, Line]
    @(10050 mils, 2900 mils): Symbol U1 Pin 8 [VOUT, Unspecified, Line]
[pin_to_pin]: Pins of type Unspecified and Power input are connected
    ; warning
    @(7850 mils, 6900 mils): Symbol C13 Pin 1 [Unspecified, Line]
    @(7850 mils, 7100 mils): Symbol #PWR013 Hidden pin 1 [-VBAT, Power input, Line]
[pin_to_pin]: Pins of type Unspecified and Unspecified are connected
    ; warning
    @(10050 mils, 2900 mils): Symbol U1 Pin 8 [VOUT, Unspecified, Line]
    @(10050 mils, 3000 mils): Symbol U1 Pin 9 [VOUT, Unspecified, Line]
[pin_to_pin]: Pins of type Unspecified and Unspecified are connected
    ; warning
    @(10050 mils, 3000 mils): Symbol U1 Pin 9 [VOUT, Unspecified, Line]
    @(10050 mils, 3100 mils): Symbol U1 Pin 10 [VOUT, Unspecified, Line]
[pin_to_pin]: Pins of type Unspecified and Unspecified are connected
    ; warning
    @(10050 mils, 3100 mils): Symbol U1 Pin 10 [VOUT, Unspecified, Line]
    @(10050 mils, 3200 mils): Symbol U1 Pin 12 [VOUT, Unspecified, Line]
[pin_to_pin]: Pins of type Unspecified and Unspecified are connected
    ; warning
    @(9150 mils, 5200 mils): Symbol U2 Pin 3 [EN, Unspecified, Line]
    @(9200 mils, 6600 mils): Symbol U3 Pin 3 [EN, Unspecified, Line]
[pin_to_pin]: Pins of type Unspecified and Unspecified are connected
    ; warning
    @(10050 mils, 3200 mils): Symbol U1 Pin 12 [VOUT, Unspecified, Line]
    @(10050 mils, 3300 mils): Symbol U1 Pin 13 [VOUT, Unspecified, Line]
[pin_to_pin]: Pins of type Unspecified and Unspecified are connected
    ; warning
    @(6000 mils, 8700 mils): Symbol C18 Pin 2 [2, Unspecified, Line]
    @(6900 mils, 8700 mils): Symbol C19 Pin 2 [2, Unspecified, Line]
[pin_to_pin]: Pins of type Unspecified and Unspecified are connected
    ; warning
    @(10050 mils, 3300 mils): Symbol U1 Pin 13 [VOUT, Unspecified, Line]
    @(10050 mils, 3400 mils): Symbol U1 Pin 14 [VOUT, Unspecified, Line]
[pin_to_pin]: Pins of type Unspecified and Unspecified are connected
    ; warning
    @(10050 mils, 3400 mils): Symbol U1 Pin 14 [VOUT, Unspecified, Line]
    @(10050 mils, 3500 mils): Symbol U1 Pin 15 [VOUT, Unspecified, Line]
[pin_to_pin]: Pins of type Unspecified and Unspecified are connected
    ; warning
    @(9750 mils, 4200 mils): Symbol U1 Pin 28 [PGND, Unspecified, Line]
    @(9650 mils, 4200 mils): Symbol U1 Pin 29 [PGND, Unspecified, Line]
[pin_to_pin]: Pins of type Unspecified and Unspecified are connected
    ; warning
    @(10050 mils, 3500 mils): Symbol U1 Pin 15 [VOUT, Unspecified, Line]
    @(10050 mils, 3600 mils): Symbol U1 Pin 30 [VOUT, Unspecified, Line]
[pin_to_pin]: Pins of type Unspecified and Passive are connected
    ; warning
    @(10050 mils, 3600 mils): Symbol U1 Pin 30 [VOUT, Unspecified, Line]
    @(11400 mils, 3400 mils): Symbol R3 Pin 2 [Passive, Line]
[pin_to_pin]: Pins of type Unspecified and Passive are connected
    ; warning
    @(10050 mils, 3800 mils): Symbol U1 Pin 25 [FB, Unspecified, Line]
    @(11400 mils, 3700 mils): Symbol R3 Pin 1 [Passive, Line]
[pin_to_pin]: Pins of type Unspecified and Unspecified are connected
    ; warning
    @(6900 mils, 8300 mils): Symbol C19 Pin 1 [1, Unspecified, Line]
    @(7800 mils, 8300 mils): Symbol C20 Pin 1 [1, Unspecified, Line]
[pin_to_pin]: Pins of type Unspecified and Unspecified are connected
    ; warning
    @(6900 mils, 8700 mils): Symbol C19 Pin 2 [2, Unspecified, Line]
    @(7800 mils, 8700 mils): Symbol C20 Pin 2 [2, Unspecified, Line]
[pin_to_pin]: Pins of type Unspecified and Passive are connected
    ; warning
    @(9950 mils, 5200 mils): Symbol U2 Pin 6 [VOS, Unspecified, Line]
    @(11300 mils, 5100 mils): Symbol R6 Pin 2 [Passive, Line]
[pin_to_pin]: Pins of type Unspecified and Passive are connected
    ; warning
    @(9200 mils, 6500 mils): Symbol U3 Pin 1 [IN, Unspecified, Line]
    @(11400 mils, 3400 mils): Symbol R3 Pin 2 [Passive, Line]
[pin_to_pin]: Pins of type Unspecified and Unspecified are connected
    ; warning
    @(11100 mils, 2000 mils): Symbol C1 Pin 2 [Unspecified, Line]
    @(10050 mils, 2000 mils): Symbol U1 Pin 18 [VIN, Unspecified, Line]
[pin_to_pin]: Pins of type Unspecified and Power input are connected
    ; warning
    @(11100 mils, 2300 mils): Symbol C1 Pin 1 [Unspecified, Line]
    @(11100 mils, 2450 mils): Symbol #PWR02 Hidden pin 1 [-VBAT, Power input, Line]
[pin_to_pin]: Pins of type Unspecified and Power input are connected
    ; warning
    @(10200 mils, 5000 mils): Symbol L1 Pin 1 [1, Unspecified, Line]
    @(9950 mils, 5000 mils): Symbol U2 Pin 7 [SW, Power input, Line]
[pin_to_pin]: Pins of type Unspecified and Passive are connected
    ; warning
    @(9950 mils, 5500 mils): Symbol U2 Pin 8 [PG, Unspecified, Line]
    @(11300 mils, 5400 mils): Symbol R6 Pin 1 [Passive, Line]
[pin_to_pin]: Pins of type Unspecified and Power input are connected
    ; warning
    @(9200 mils, 6700 mils): Symbol U3 Pin 2 [GND, Unspecified, Line]
    @(8800 mils, 5800 mils): Symbol #PWR010 Hidden pin 1 [-VBAT, Power input, Line]
[pin_to_pin]: Pins of type Unspecified and Unspecified are connected
    ; warning
    @(7800 mils, 8300 mils): Symbol C20 Pin 1 [1, Unspecified, Line]
    @(8700 mils, 8300 mils): Symbol C21 Pin 1 [1, Unspecified, Line]
[pin_to_pin]: Pins of type Unspecified and Unspecified are connected
    ; warning
    @(7800 mils, 8700 mils): Symbol C20 Pin 2 [2, Unspecified, Line]
    @(8700 mils, 8700 mils): Symbol C21 Pin 2 [2, Unspecified, Line]
[pin_to_pin]: Pins of type Unspecified and Unspecified are connected
    ; warning
    @(10600 mils, 5000 mils): Symbol L1 Pin 2 [2, Unspecified, Line]
    @(9950 mils, 5200 mils): Symbol U2 Pin 6 [VOS, Unspecified, Line]
[pin_to_pin]: Pins of type Unspecified and Unspecified are connected
    ; warning
    @(9900 mils, 6500 mils): Symbol U3 Pin 5 [OUT, Unspecified, Line]
    @(9900 mils, 6600 mils): Symbol U7 Pin 64 [VDD, Unspecified, Line]
[pin_to_pin]: Pins of type Unspecified and Unspecified are connected
    ; warning
    @(8700 mils, 8300 mils): Symbol C21 Pin 1 [1, Unspecified, Line]
    @(9550 mils, 8300 mils): Symbol C22 Pin 1 [1, Unspecified, Line]
[pin_to_pin]: Pins of type Unspecified and Unspecified are connected
    ; warning
    @(8700 mils, 8700 mils): Symbol C21 Pin 2 [2, Unspecified, Line]
    @(9550 mils, 8700 mils): Symbol C22 Pin 2 [2, Unspecified, Line]
[pin_to_pin]: Pins of type Unspecified and Unspecified are connected
    ; warning
    @(10500 mils, 6600 mils): Symbol C14 Pin 2 [Unspecified, Line]
    @(9900 mils, 6500 mils): Symbol U3 Pin 5 [OUT, Unspecified, Line]
[pin_to_pin]: Pins of type Unspecified and Power input are connected
    ; warning
    @(10500 mils, 6900 mils): Symbol C14 Pin 1 [Unspecified, Line]
    @(10100 mils, 5900 mils): Symbol #PWR011 Hidden pin 1 [-VBAT, Power input, Line]
[pin_to_pin]: Pins of type Unspecified and Unspecified are connected
    ; warning
    @(9550 mils, 8300 mils): Symbol C22 Pin 1 [1, Unspecified, Line]
    @(10450 mils, 8300 mils): Symbol C23 Pin 1 [1, Unspecified, Line]
[pin_to_pin]: Pins of type Unspecified and Unspecified are connected
    ; warning
    @(12400 mils, 2900 mils): Symbol C6 Pin 2 [Unspecified, Line]
    @(13100 mils, 2900 mils): Symbol C7 Pin 2 [Unspecified, Line]
[pin_to_pin]: Pins of type Unspecified and Unspecified are connected
    ; warning
    @(12400 mils, 3200 mils): Symbol C6 Pin 1 [Unspecified, Line]
    @(13100 mils, 3200 mils): Symbol C7 Pin 1 [Unspecified, Line]
[pin_to_pin]: Pins of type Unspecified and Unspecified are connected
    ; warning
    @(9550 mils, 8700 mils): Symbol C22 Pin 2 [2, Unspecified, Line]
    @(10450 mils, 8700 mils): Symbol C23 Pin 2 [2, Unspecified, Line]
[pin_to_pin]: Pins of type Unspecified and Passive are connected
    ; warning
    @(12250 mils, 5100 mils): Symbol C9 Pin 2 [Unspecified, Line]
    @(11300 mils, 5100 mils): Symbol R6 Pin 2 [Passive, Line]
[pin_to_pin]: Pins of type Unspecified and Unspecified are connected
    ; warning
    @(10450 mils, 8300 mils): Symbol C23 Pin 1 [1, Unspecified, Line]
    @(11350 mils, 8300 mils): Symbol C24 Pin 1 [1, Unspecified, Line]
[pin_to_pin]: Pins of type Unspecified and Unspecified are connected
    ; warning
    @(12250 mils, 5400 mils): Symbol C9 Pin 1 [Unspecified, Line]
    @(9950 mils, 5700 mils): Symbol U2 Pin 5 [FB, Unspecified, Line]
[pin_to_pin]: Pins of type Unspecified and Passive are connected
    ; warning
    @(13100 mils, 2900 mils): Symbol C7 Pin 2 [Unspecified, Line]
    @(11400 mils, 3400 mils): Symbol R3 Pin 2 [Passive, Line]
[pin_to_pin]: Pins of type Unspecified and Power input are connected
    ; warning
    @(13100 mils, 3200 mils): Symbol C7 Pin 1 [Unspecified, Line]
    @(13100 mils, 3300 mils): Symbol #PWR05 Hidden pin 1 [-VBAT, Power input, Line]
[pin_to_pin]: Pins of type Unspecified and Unspecified are connected
    ; warning
    @(10450 mils, 8700 mils): Symbol C23 Pin 2 [2, Unspecified, Line]
    @(11350 mils, 8700 mils): Symbol C24 Pin 2 [2, Unspecified, Line]
[pin_to_pin]: Pins of type Unspecified and Unspecified are connected
    ; warning
    @(11350 mils, 8300 mils): Symbol C24 Pin 1 [1, Unspecified, Line]
    @(12250 mils, 8300 mils): Symbol C25 Pin 1 [1, Unspecified, Line]
[pin_to_pin]: Pins of type Unspecified and Unspecified are connected
    ; warning
    @(11350 mils, 8700 mils): Symbol C24 Pin 2 [2, Unspecified, Line]
    @(12250 mils, 8700 mils): Symbol C25 Pin 2 [2, Unspecified, Line]
[pin_to_pin]: Pins of type Unspecified and Unspecified are connected
    ; warning
    @(12250 mils, 8300 mils): Symbol C25 Pin 1 [1, Unspecified, Line]
    @(3700 mils, 2000 mils): Symbol FB1 Pin  [Unspecified, Line]
[pin_to_pin]: Pins of type Unspecified and Power input are connected
    ; warning
    @(12250 mils, 8700 mils): Symbol C25 Pin 2 [2, Unspecified, Line]
    @(10100 mils, 5900 mils): Symbol #PWR011 Hidden pin 1 [-VBAT, Power input, Line]

***** Sheet /Project Architecture/Power - Connectors/
[pin_to_pin]: Pins of type Unspecified and Unspecified are connected
    ; warning
    @(3900 mils, 1500 mils): Symbol J1 Pin 2 [+, Unspecified, Line]
    @(6350 mils, 2000 mils): Symbol U4 Pin 3 [EN, Unspecified, Line]
[pin_to_pin]: Pins of type Unspecified and Power input are connected
    ; warning
    @(3900 mils, 1600 mils): Symbol J1 Pin 1 [-, Unspecified, Line]
    @(4400 mils, 1800 mils): Symbol #PWR015 Hidden pin 1 [-VBAT, Power input, Line]
[pin_to_pin]: Pins of type Unspecified and Unspecified are connected
    ; warning
    @(4050 mils, 3200 mils): Symbol J2 Pin 1 [1, Unspecified, Line]
    @(6350 mils, 3700 mils): Symbol U5 Pin 3 [EN, Unspecified, Line]
[pin_to_pin]: Pins of type Unspecified and Unspecified are connected
    ; warning
    @(4900 mils, 1750 mils): Symbol C26 Pin 1 [1, Unspecified, Line]
    @(5700 mils, 2200 mils): Symbol C27 Pin 1 [1, Unspecified, Line]
[pin_to_pin]: Pins of type Unspecified and Power input are connected
    ; warning
    @(4050 mils, 3300 mils): Symbol J2 Pin 3 [3, Unspecified, Line]
    @(4350 mils, 3500 mils): Symbol #PWR018 Hidden pin 1 [-VBAT, Power input, Line]
[pin_to_pin]: Pins of type Unspecified and Unspecified are connected
    ; warning
    @(4050 mils, 3400 mils): Symbol J2 Pin 2 [2, Unspecified, Line]
    @(4050 mils, 3300 mils): Symbol J2 Pin 3 [3, Unspecified, Line]
[pin_to_pin]: Pins of type Unspecified and Power input are connected
    ; warning
    @(4900 mils, 2150 mils): Symbol C26 Pin 2 [2, Unspecified, Line]
    @(4900 mils, 2450 mils): Symbol #PWR016 Hidden pin 1 [-VBAT, Power input, Line]
[pin_to_pin]: Pins of type Unspecified and Unspecified are connected
    ; warning
    @(4900 mils, 3450 mils): Symbol C28 Pin 1 [1, Unspecified, Line]
    @(4050 mils, 3200 mils): Symbol J2 Pin 1 [1, Unspecified, Line]
[pin_to_pin]: Pins of type Unspecified and Unspecified are connected
    ; warning
    @(5700 mils, 2200 mils): Symbol C27 Pin 1 [1, Unspecified, Line]
    @(6350 mils, 2100 mils): Symbol U4 Pin 6 [ANODE, Unspecified, Line]
[pin_to_pin]: Pins of type Unspecified and Power input are connected
    ; warning
    @(4900 mils, 3850 mils): Symbol C28 Pin 2 [2, Unspecified, Line]
    @(4900 mils, 4150 mils): Symbol #PWR019 Hidden pin 1 [-VBAT, Power input, Line]
[pin_to_pin]: Pins of type Unspecified and Unspecified are connected
    ; warning
    @(5700 mils, 2600 mils): Symbol C27 Pin 2 [2, Unspecified, Line]
    @(6350 mils, 2700 mils): Symbol U4 Pin 1 [VCAP, Unspecified, Line]
[pin_to_pin]: Pins of type Unspecified and Unspecified are connected
    ; warning
    @(6350 mils, 2000 mils): Symbol U4 Pin 3 [EN, Unspecified, Line]
    @(6350 mils, 2100 mils): Symbol U4 Pin 6 [ANODE, Unspecified, Line]
[pin_to_pin]: Pins of type Unspecified and Unspecified are connected
    ; warning
    @(6500 mils, 1500 mils): Symbol Q1 Pin 2 [D, Unspecified, Line]
    @(6350 mils, 2000 mils): Symbol U4 Pin 3 [EN, Unspecified, Line]
[pin_to_pin]: Pins of type Unspecified and Unspecified are connected
    ; warning
    @(5700 mils, 3900 mils): Symbol C29 Pin 1 [1, Unspecified, Line]
    @(6350 mils, 3800 mils): Symbol U5 Pin 6 [ANODE, Unspecified, Line]
[pin_to_pin]: Pins of type Unspecified and Unspecified are connected
    ; warning
    @(6700 mils, 1700 mils): Symbol Q1 Pin 1 [G, Unspecified, Line]
    @(7450 mils, 2000 mils): Symbol U4 Pin 5 [GATE, Unspecified, Line]
[pin_to_pin]: Pins of type Unspecified and Unspecified are connected
    ; warning
    @(6900 mils, 1500 mils): Symbol Q1 Pin 3 [S, Unspecified, Line]
    @(7450 mils, 2100 mils): Symbol U4 Pin 4 [CATHODE, Unspecified, Line]
[pin_to_pin]: Pins of type Unspecified and Unspecified are connected
    ; warning
    @(5700 mils, 4300 mils): Symbol C29 Pin 2 [2, Unspecified, Line]
    @(6350 mils, 4400 mils): Symbol U5 Pin 1 [VCAP, Unspecified, Line]
[pin_to_pin]: Pins of type Unspecified and Unspecified are connected
    ; warning
    @(6500 mils, 3200 mils): Symbol Q2 Pin 2 [D, Unspecified, Line]
    @(6350 mils, 3700 mils): Symbol U5 Pin 3 [EN, Unspecified, Line]
[pin_to_pin]: Pins of type Unspecified and Unspecified are connected
    ; warning
    @(6350 mils, 3700 mils): Symbol U5 Pin 3 [EN, Unspecified, Line]
    @(6350 mils, 3800 mils): Symbol U5 Pin 6 [ANODE, Unspecified, Line]
[pin_to_pin]: Pins of type Unspecified and Unspecified are connected
    ; warning
    @(6700 mils, 3400 mils): Symbol Q2 Pin 1 [G, Unspecified, Line]
    @(7450 mils, 3700 mils): Symbol U5 Pin 5 [GATE, Unspecified, Line]
[pin_to_pin]: Pins of type Unspecified and Unspecified are connected
    ; warning
    @(6900 mils, 3200 mils): Symbol Q2 Pin 3 [S, Unspecified, Line]
    @(7450 mils, 3800 mils): Symbol U5 Pin 4 [CATHODE, Unspecified, Line]
[pin_to_pin]: Pins of type Unspecified and Unspecified are connected
    ; warning
    @(7450 mils, 2100 mils): Symbol U4 Pin 4 [CATHODE, Unspecified, Line]
    @(7450 mils, 3800 mils): Symbol U5 Pin 4 [CATHODE, Unspecified, Line]
[pin_to_pin]: Pins of type Unspecified and Power input are connected
    ; warning
    @(7450 mils, 2700 mils): Symbol U4 Pin 2 [GND, Unspecified, Line]
    @(7650 mils, 2700 mils): Symbol #PWR017 Hidden pin 1 [-VBAT, Power input, Line]
[pin_to_pin]: Pins of type Unspecified and Unspecified are connected
    ; warning
    @(7450 mils, 3800 mils): Symbol U5 Pin 4 [CATHODE, Unspecified, Line]
    @(5400 mils, 2800 mils): Symbol U13 Pin 25 [VBAT, Unspecified, Line]
[pin_to_pin]: Pins of type Unspecified and Power input are connected
    ; warning
    @(7450 mils, 4400 mils): Symbol U5 Pin 2 [GND, Unspecified, Line]
    @(7650 mils, 4400 mils): Symbol #PWR020 Hidden pin 1 [-VBAT, Power input, Line]

***** Sheet /Project Architecture/MCU - Power/
[duplicate_pins]: Pin  on symbol 'C31' is connected to different nets: GND and /Project Architecture/Interface - FD-CAN/+3V3
    ; error
    @(5700 mils, 3600 mils): Symbol C31 Pin  [Unspecified, Line]
    @(5700 mils, 3200 mils): Symbol C31 Pin  [Unspecified, Line]
[duplicate_pins]: Pin  on symbol 'C32' is connected to different nets: GND and /Project Architecture/Interface - FD-CAN/+3V3
    ; error
    @(6600 mils, 3600 mils): Symbol C32 Pin  [Input, Line]
    @(6600 mils, 3200 mils): Symbol C32 Pin  [Input, Line]
[duplicate_pins]: Pin  on symbol 'C36' is connected to different nets: GND and /Project Architecture/MCU - Power/+A3V3
    ; error
    @(6900 mils, 4600 mils): Symbol C36 Pin  [Unspecified, Line]
    @(6900 mils, 4200 mils): Symbol C36 Pin  [Unspecified, Line]
[duplicate_pins]: Pin  on symbol 'C33' is connected to different nets: GND and /Project Architecture/Interface - FD-CAN/+3V3
    ; error
    @(7500 mils, 3600 mils): Symbol C33 Pin  [Input, Line]
    @(7500 mils, 3200 mils): Symbol C33 Pin  [Input, Line]
[duplicate_pins]: Pin  on symbol 'C40' is connected to different nets: GND and /Project Architecture/MCU - Power/+A3V3
    ; error
    @(5700 mils, 6900 mils): Symbol C40 Pin  [Unspecified, Line]
    @(5700 mils, 6500 mils): Symbol C40 Pin  [Unspecified, Line]
[duplicate_pins]: Pin  on symbol 'C34' is connected to different nets: /Project Architecture/Interface - FD-CAN/+3V3 and GND
    ; error
    @(8400 mils, 3200 mils): Symbol C34 Pin  [Input, Line]
    @(8400 mils, 3600 mils): Symbol C34 Pin  [Input, Line]
[duplicate_pins]: Pin  on symbol 'C41' is connected to different nets: /Project Architecture/MCU - Power/+A3V3 and GND
    ; error
    @(6600 mils, 6500 mils): Symbol C41 Pin  [Input, Line]
    @(6600 mils, 6900 mils): Symbol C41 Pin  [Input, Line]
[pin_not_driven]: Input pin not driven by any Output pins
    ; error
    @(6600 mils, 6500 mils): Symbol C41 Pin  [Input, Line]
[duplicate_pins]: Pin  on symbol 'C37' is connected to different nets: Net-(U6A-VDDA) and GND
    ; error
    @(8300 mils, 4200 mils): Symbol C37 Pin  [Unspecified, Line]
    @(8300 mils, 4600 mils): Symbol C37 Pin  [Unspecified, Line]
[duplicate_pins]: Pin  on symbol 'C30' is connected to different nets: GND and /Project Architecture/Interface - FD-CAN/+3V3
    ; error
    @(9200 mils, 2700 mils): Symbol C30 Pin  [Unspecified, Line]
    @(9200 mils, 2300 mils): Symbol C30 Pin  [Unspecified, Line]
[duplicate_pins]: Pin  on symbol 'C35' is connected to different nets: GND and /Project Architecture/Interface - FD-CAN/+3V3
    ; error
    @(9200 mils, 3600 mils): Symbol C35 Pin  [Input, Line]
    @(9200 mils, 3200 mils): Symbol C35 Pin  [Input, Line]
[duplicate_pins]: Pin  on symbol 'C42' is connected to different nets: /Project Architecture/MCU - Power/+A3V3 and GND
    ; error
    @(7500 mils, 6500 mils): Symbol C42 Pin  [Input, Line]
    @(7500 mils, 6900 mils): Symbol C42 Pin  [Input, Line]
[pin_not_driven]: Input pin not driven by any Output pins
    ; error
    @(9200 mils, 4200 mils): Symbol C38 Pin  [Input, Line]
[duplicate_pins]: Pin  on symbol 'C45' is connected to different nets: /Project Architecture/Interface - FD-CAN/+3V3 and GND
    ; error
    @(6900 mils, 7500 mils): Symbol C45 Pin  [Unspecified, Line]
    @(6900 mils, 7900 mils): Symbol C45 Pin  [Unspecified, Line]
[duplicate_pins]: Pin  on symbol 'C38' is connected to different nets: GND and Net-(U6A-VDDA)
    ; error
    @(9200 mils, 4600 mils): Symbol C38 Pin  [Input, Line]
    @(9200 mils, 4200 mils): Symbol C38 Pin  [Input, Line]
[duplicate_pins]: Pin  on symbol 'C43' is connected to different nets: GND and /Project Architecture/MCU - Power/+A3V3
    ; error
    @(8400 mils, 6900 mils): Symbol C43 Pin  [Input, Line]
    @(8400 mils, 6500 mils): Symbol C43 Pin  [Input, Line]
[duplicate_pins]: Pin  on symbol 'C39' is connected to different nets: GND and /Project Architecture/Interface - FD-CAN/+3V3
    ; error
    @(9200 mils, 6000 mils): Symbol C39 Pin  [Unspecified, Line]
    @(9200 mils, 5600 mils): Symbol C39 Pin  [Unspecified, Line]
[duplicate_pins]: Pin  on symbol 'C46' is connected to different nets: GND and Net-(U7A-VDDA)
    ; error
    @(8300 mils, 7900 mils): Symbol C46 Pin  [Unspecified, Line]
    @(8300 mils, 7500 mils): Symbol C46 Pin  [Unspecified, Line]
[duplicate_pins]: Pin  on symbol 'C44' is connected to different nets: GND and /Project Architecture/MCU - Power/+A3V3
    ; error
    @(9200 mils, 6900 mils): Symbol C44 Pin  [Input, Line]
    @(9200 mils, 6500 mils): Symbol C44 Pin  [Input, Line]
[pin_not_driven]: Input pin not driven by any Output pins
    ; error
    @(9200 mils, 7500 mils): Symbol C47 Pin  [Input, Line]
[duplicate_pins]: Pin  on symbol 'C47' is connected to different nets: GND and Net-(U7A-VDDA)
    ; error
    @(9200 mils, 7900 mils): Symbol C47 Pin  [Input, Line]
    @(9200 mils, 7500 mils): Symbol C47 Pin  [Input, Line]
[pin_to_pin]: Pins of type Unspecified and Input are connected
    ; warning
    @(5700 mils, 3200 mils): Symbol C31 Pin  [Unspecified, Line]
    @(6600 mils, 3200 mils): Symbol C32 Pin  [Input, Line]
[pin_to_pin]: Pins of type Unspecified and Power input are connected
    ; warning
    @(5700 mils, 3600 mils): Symbol C31 Pin  [Unspecified, Line]
    @(5700 mils, 3750 mils): Symbol #PWR023 Hidden pin 1 [-VBAT, Power input, Line]
[pin_to_pin]: Pins of type Unspecified and Unspecified are connected
    ; warning
    @(6900 mils, 4200 mils): Symbol C36 Pin  [Unspecified, Line]
    @(7600 mils, 4100 mils): Symbol FB3 Pin 1 [1, Unspecified, Line]
[pin_to_pin]: Pins of type Unspecified and Power input are connected
    ; warning
    @(6900 mils, 4600 mils): Symbol C36 Pin  [Unspecified, Line]
    @(6900 mils, 4700 mils): Symbol #PWR024 Hidden pin 1 [-VBAT, Power input, Line]
[pin_to_pin]: Pins of type Unspecified and Input are connected
    ; warning
    @(7600 mils, 4100 mils): Symbol FB3 Pin 1 [1, Unspecified, Line]
    @(7500 mils, 6500 mils): Symbol C42 Pin  [Input, Line]
[pin_to_pin]: Pins of type Unspecified and Input are connected
    ; warning
    @(5700 mils, 6500 mils): Symbol C40 Pin  [Unspecified, Line]
    @(6600 mils, 6500 mils): Symbol C41 Pin  [Input, Line]
[pin_to_pin]: Pins of type Unspecified and Power input are connected
    ; warning
    @(5700 mils, 6900 mils): Symbol C40 Pin  [Unspecified, Line]
    @(5700 mils, 7050 mils): Symbol #PWR027 Hidden pin 1 [-VBAT, Power input, Line]
[pin_to_pin]: Pins of type Unspecified and Input are connected
    ; warning
    @(8000 mils, 4100 mils): Symbol FB3 Pin 2 [2, Unspecified, Line]
    @(9200 mils, 4200 mils): Symbol C38 Pin  [Input, Line]
[pin_to_pin]: Pins of type Unspecified and Unspecified are connected
    ; warning
    @(8300 mils, 4200 mils): Symbol C37 Pin  [Unspecified, Line]
    @(8000 mils, 4100 mils): Symbol FB3 Pin 2 [2, Unspecified, Line]
[pin_to_pin]: Pins of type Unspecified and Unspecified are connected
    ; warning
    @(9200 mils, 2300 mils): Symbol C30 Pin  [Unspecified, Line]
    @(9900 mils, 2200 mils): Symbol U6 Pin 1 [VBAT, Unspecified, Line]
[pin_to_pin]: Pins of type Unspecified and Input are connected
    ; warning
    @(8300 mils, 4600 mils): Symbol C37 Pin  [Unspecified, Line]
    @(9200 mils, 4600 mils): Symbol C38 Pin  [Input, Line]
[pin_to_pin]: Pins of type Unspecified and Power input are connected
    ; warning
    @(9200 mils, 2700 mils): Symbol C30 Pin  [Unspecified, Line]
    @(9200 mils, 2800 mils): Symbol #PWR021 Hidden pin 1 [-VBAT, Power input, Line]
[pin_to_pin]: Pins of type Unspecified and Unspecified are connected
    ; warning
    @(9900 mils, 2200 mils): Symbol U6 Pin 1 [VBAT, Unspecified, Line]
    @(9900 mils, 3100 mils): Symbol U6 Pin 16 [VDD, Unspecified, Line]
[pin_to_pin]: Pins of type Unspecified and Unspecified are connected
    ; warning
    @(6900 mils, 7500 mils): Symbol C45 Pin  [Unspecified, Line]
    @(7600 mils, 7400 mils): Symbol FB4 Pin 1 [1, Unspecified, Line]
[pin_to_pin]: Pins of type Unspecified and Unspecified are connected
    ; warning
    @(9900 mils, 3100 mils): Symbol U6 Pin 16 [VDD, Unspecified, Line]
    @(9900 mils, 3200 mils): Symbol U6 Pin 32 [VDD, Unspecified, Line]
[pin_to_pin]: Pins of type Unspecified and Unspecified are connected
    ; warning
    @(9900 mils, 3200 mils): Symbol U6 Pin 32 [VDD, Unspecified, Line]
    @(9900 mils, 3300 mils): Symbol U6 Pin 64 [VDD, Unspecified, Line]
[pin_to_pin]: Pins of type Unspecified and Input are connected
    ; warning
    @(9900 mils, 3300 mils): Symbol U6 Pin 64 [VDD, Unspecified, Line]
    @(9200 mils, 3200 mils): Symbol C35 Pin  [Input, Line]
[pin_to_pin]: Pins of type Unspecified and Unspecified are connected
    ; warning
    @(9900 mils, 3400 mils): Symbol U6 Pin 48 [VDD, Unspecified, Line]
    @(9900 mils, 3300 mils): Symbol U6 Pin 64 [VDD, Unspecified, Line]
[pin_to_pin]: Pins of type Unspecified and Power input are connected
    ; warning
    @(6900 mils, 7900 mils): Symbol C45 Pin  [Unspecified, Line]
    @(6900 mils, 8000 mils): Symbol #PWR028 Hidden pin 1 [-VBAT, Power input, Line]
[pin_to_pin]: Pins of type Unspecified and Unspecified are connected
    ; warning
    @(7600 mils, 7400 mils): Symbol FB4 Pin 1 [1, Unspecified, Line]
    @(9900 mils, 5500 mils): Symbol U7 Pin 1 [VBAT, Unspecified, Line]
[pin_to_pin]: Pins of type Unspecified and Input are connected
    ; warning
    @(9900 mils, 4100 mils): Symbol U6 Pin 29 [VDDA, Unspecified, Line]
    @(9200 mils, 4200 mils): Symbol C38 Pin  [Input, Line]
[pin_to_pin]: Pins of type Unspecified and Unspecified are connected
    ; warning
    @(9900 mils, 4200 mils): Symbol U6 Pin 28 [VREF+, Unspecified, Line]
    @(9900 mils, 4100 mils): Symbol U6 Pin 29 [VDDA, Unspecified, Line]
[pin_to_pin]: Pins of type Unspecified and Unspecified are connected
    ; warning
    @(9200 mils, 5600 mils): Symbol C39 Pin  [Unspecified, Line]
    @(9900 mils, 5500 mils): Symbol U7 Pin 1 [VBAT, Unspecified, Line]
[pin_to_pin]: Pins of type Unspecified and Input are connected
    ; warning
    @(8000 mils, 7400 mils): Symbol FB4 Pin 2 [2, Unspecified, Line]
    @(9200 mils, 7500 mils): Symbol C47 Pin  [Input, Line]
[pin_to_pin]: Pins of type Unspecified and Power input are connected
    ; warning
    @(9200 mils, 6000 mils): Symbol C39 Pin  [Unspecified, Line]
    @(9200 mils, 6100 mils): Symbol #PWR025 Hidden pin 1 [-VBAT, Power input, Line]
[pin_to_pin]: Pins of type Unspecified and Unspecified are connected
    ; warning
    @(8300 mils, 7500 mils): Symbol C46 Pin  [Unspecified, Line]
    @(8000 mils, 7400 mils): Symbol FB4 Pin 2 [2, Unspecified, Line]
[pin_to_pin]: Pins of type Unspecified and Input are connected
    ; warning
    @(9900 mils, 5500 mils): Symbol U7 Pin 1 [VBAT, Unspecified, Line]
    @(9200 mils, 3200 mils): Symbol C35 Pin  [Input, Line]
[pin_to_pin]: Pins of type Unspecified and Input are connected
    ; warning
    @(8300 mils, 7900 mils): Symbol C46 Pin  [Unspecified, Line]
    @(9200 mils, 7900 mils): Symbol C47 Pin  [Input, Line]
[pin_to_pin]: Pins of type Unspecified and Unspecified are connected
    ; warning
    @(11100 mils, 3100 mils): Symbol U6 Pin 15 [VSS, Unspecified, Line]
    @(11100 mils, 3200 mils): Symbol U6 Pin 31 [VSS, Unspecified, Line]
[pin_to_pin]: Pins of type Unspecified and Unspecified are connected
    ; warning
    @(11100 mils, 3200 mils): Symbol U6 Pin 31 [VSS, Unspecified, Line]
    @(11100 mils, 3300 mils): Symbol U6 Pin 47 [VSS, Unspecified, Line]
[pin_to_pin]: Pins of type Unspecified and Unspecified are connected
    ; warning
    @(11100 mils, 3300 mils): Symbol U6 Pin 47 [VSS, Unspecified, Line]
    @(11100 mils, 3400 mils): Symbol U6 Pin 63 [VSS, Unspecified, Line]
[pin_to_pin]: Pins of type Unspecified and Power input are connected
    ; warning
    @(11100 mils, 3400 mils): Symbol U6 Pin 63 [VSS, Unspecified, Line]
    @(11200 mils, 3600 mils): Symbol #PWR022 Hidden pin 1 [-VBAT, Power input, Line]
[pin_to_pin]: Pins of type Unspecified and Unspecified are connected
    ; warning
    @(11100 mils, 3500 mils): Symbol U6 Pin 27 [VSSA, Unspecified, Line]
    @(11100 mils, 3400 mils): Symbol U6 Pin 63 [VSS, Unspecified, Line]
[pin_to_pin]: Pins of type Unspecified and Unspecified are connected
    ; warning
    @(9900 mils, 6400 mils): Symbol U7 Pin 16 [VDD, Unspecified, Line]
    @(9900 mils, 6500 mils): Symbol U7 Pin 32 [VDD, Unspecified, Line]
[pin_to_pin]: Pins of type Unspecified and Unspecified are connected
    ; warning
    @(9900 mils, 6500 mils): Symbol U7 Pin 32 [VDD, Unspecified, Line]
    @(9900 mils, 6600 mils): Symbol U7 Pin 64 [VDD, Unspecified, Line]
[pin_to_pin]: Pins of type Unspecified and Input are connected
    ; warning
    @(9900 mils, 6600 mils): Symbol U7 Pin 64 [VDD, Unspecified, Line]
    @(9200 mils, 6500 mils): Symbol C44 Pin  [Input, Line]
[pin_to_pin]: Pins of type Unspecified and Unspecified are connected
    ; warning
    @(9900 mils, 6700 mils): Symbol U7 Pin 48 [VDD, Unspecified, Line]
    @(9900 mils, 6600 mils): Symbol U7 Pin 64 [VDD, Unspecified, Line]
[pin_to_pin]: Pins of type Unspecified and Input are connected
    ; warning
    @(9900 mils, 7400 mils): Symbol U7 Pin 29 [VDDA, Unspecified, Line]
    @(9200 mils, 7500 mils): Symbol C47 Pin  [Input, Line]
[pin_to_pin]: Pins of type Unspecified and Unspecified are connected
    ; warning
    @(9900 mils, 7500 mils): Symbol U7 Pin 28 [VREF+, Unspecified, Line]
    @(9900 mils, 7400 mils): Symbol U7 Pin 29 [VDDA, Unspecified, Line]
[pin_to_pin]: Pins of type Unspecified and Unspecified are connected
    ; warning
    @(11100 mils, 6400 mils): Symbol U7 Pin 15 [VSS, Unspecified, Line]
    @(11100 mils, 6500 mils): Symbol U7 Pin 31 [VSS, Unspecified, Line]
[pin_to_pin]: Pins of type Unspecified and Unspecified are connected
    ; warning
    @(11100 mils, 6500 mils): Symbol U7 Pin 31 [VSS, Unspecified, Line]
    @(11100 mils, 6600 mils): Symbol U7 Pin 47 [VSS, Unspecified, Line]
[pin_to_pin]: Pins of type Unspecified and Unspecified are connected
    ; warning
    @(11100 mils, 6600 mils): Symbol U7 Pin 47 [VSS, Unspecified, Line]
    @(11100 mils, 6700 mils): Symbol U7 Pin 63 [VSS, Unspecified, Line]
[pin_to_pin]: Pins of type Unspecified and Power input are connected
    ; warning
    @(11100 mils, 6700 mils): Symbol U7 Pin 63 [VSS, Unspecified, Line]
    @(11200 mils, 6900 mils): Symbol #PWR026 Hidden pin 1 [-VBAT, Power input, Line]
[pin_to_pin]: Pins of type Unspecified and Unspecified are connected
    ; warning
    @(11100 mils, 6800 mils): Symbol U7 Pin 27 [VSSA, Unspecified, Line]
    @(11100 mils, 6700 mils): Symbol U7 Pin 63 [VSS, Unspecified, Line]

***** Sheet /Project Architecture/MCU - IOs/
[pin_not_connected]: Pin not connected
    ; error
    @(3250 mils, 3850 mils): Symbol U6 Pin 56 [PB3, Unspecified, Line]
[pin_not_connected]: Pin not connected
    ; error
    @(3250 mils, 3950 mils): Symbol U6 Pin 57 [PB4, Unspecified, Line]
[pin_not_connected]: Pin not connected
    ; error
    @(3250 mils, 4050 mils): Symbol U6 Pin 58 [PB5, Unspecified, Line]
[pin_not_connected]: Pin not connected
    ; error
    @(3250 mils, 4250 mils): Symbol U6 Pin 60 [PB7, Unspecified, Line]
[pin_not_connected]: Pin not connected
    ; error
    @(3300 mils, 8400 mils): Symbol U7 Pin 56 [PB3, Unspecified, Line]
[pin_not_connected]: Pin not connected
    ; error
    @(3300 mils, 8500 mils): Symbol U7 Pin 57 [PB4, Unspecified, Line]
[pin_not_connected]: Pin not connected
    ; error
    @(3300 mils, 8600 mils): Symbol U7 Pin 58 [PB5, Unspecified, Line]
[pin_not_connected]: Pin not connected
    ; error
    @(3300 mils, 8700 mils): Symbol U7 Pin 59 [PB6, Unspecified, Line]
[pin_not_connected]: Pin not connected
    ; error
    @(3300 mils, 8800 mils): Symbol U7 Pin 60 [PB7, Unspecified, Line]
[pin_not_connected]: Pin not connected
    ; error
    @(3300 mils, 9000 mils): Symbol U7 Pin 62 [PB9, Unspecified, Line]
[pin_to_pin]: Pins of type Unspecified and Unspecified are connected
    ; warning
    @(1650 mils, 2650 mils): Symbol U6 Pin 5 [PF0, Unspecified, Line]
    @(8600 mils, 5650 mils): Symbol X1 Pin 1 [OSC1, Unspecified, Line]
[pin_to_pin]: Pins of type Unspecified and Unspecified are connected
    ; warning
    @(1650 mils, 2750 mils): Symbol U6 Pin 6 [PF1, Unspecified, Line]
    @(9600 mils, 5650 mils): Symbol X1 Pin 3 [OSC2, Unspecified, Line]
[pin_to_pin]: Pins of type Unspecified and Unspecified are connected
    ; warning
    @(3250 mils, 2850 mils): Symbol U6 Pin 42 [PA8, Unspecified, Line]
    @(3300 mils, 7400 mils): Symbol U7 Pin 42 [PA8, Unspecified, Line]
[pin_to_pin]: Pins of type Unspecified and Unspecified are connected
    ; warning
    @(1650 mils, 4050 mils): Symbol U6 Pin 23 [PC5, Unspecified, Line]
    @(1700 mils, 8600 mils): Symbol U7 Pin 23 [PC5, Unspecified, Line]
[pin_to_pin]: Pins of type Unspecified and Unspecified are connected
    ; warning
    @(3250 mils, 2950 mils): Symbol U6 Pin 43 [PA9, Unspecified, Line]
    @(3300 mils, 7500 mils): Symbol U7 Pin 43 [PA9, Unspecified, Line]
[pin_to_pin]: Pins of type Unspecified and Unspecified are connected
    ; warning
    @(3250 mils, 3750 mils): Symbol U6 Pin 26 [PB2, Unspecified, Line]
    @(3300 mils, 8300 mils): Symbol U7 Pin 26 [PB2, Unspecified, Line]
[pin_to_pin]: Pins of type Unspecified and Passive are connected
    ; warning
    @(3250 mils, 4450 mils): Symbol U6 Pin 62 [PB9, Unspecified, Line]
    @(7750 mils, 5000 mils): Symbol R69 Pin 1 [Passive, Line]
[pin_to_pin]: Pins of type Unspecified and Unspecified are connected
    ; warning
    @(1700 mils, 7200 mils): Symbol U7 Pin 5 [PF0, Unspecified, Line]
    @(8600 mils, 6650 mils): Symbol X2 Pin 1 [OSC1, Unspecified, Line]
[pin_to_pin]: Pins of type Unspecified and Unspecified are connected
    ; warning
    @(1700 mils, 7300 mils): Symbol U7 Pin 6 [PF1, Unspecified, Line]
    @(9600 mils, 6650 mils): Symbol X2 Pin 3 [OSC2, Unspecified, Line]
[pin_to_pin]: Pins of type Unspecified and Passive are connected
    ; warning
    @(1700 mils, 8600 mils): Symbol U7 Pin 23 [PC5, Unspecified, Line]
    @(6550 mils, 3350 mils): Symbol R75 Pin 2 [Passive, Line]
[pin_to_pin]: Pins of type Unspecified and Passive are connected
    ; warning
    @(3300 mils, 8300 mils): Symbol U7 Pin 26 [PB2, Unspecified, Line]
    @(3550 mils, 2850 mils): Symbol R79 Pin 2 [Passive, Line]
[multiple_net_names]: Both BOARD_VER and BOARD_VERSION are attached to the same items; BOARD_VER will be used in the netlist
    ; warning
    @(8450 mils, 1400 mils): Label 'BOARD_VER'
    @(9300 mils, 1400 mils): Hierarchical Label 'BOARD_VERSION'
[pin_to_pin]: Pins of type Unspecified and Unspecified are connected
    ; warning
    @(8400 mils, 5750 mils): Symbol C48 Pin 2 [Unspecified, Line]
    @(8600 mils, 5650 mils): Symbol X1 Pin 1 [OSC1, Unspecified, Line]
[pin_to_pin]: Pins of type Unspecified and Power input are connected
    ; warning
    @(8400 mils, 6050 mils): Symbol C48 Pin 1 [Unspecified, Line]
    @(8400 mils, 6150 mils): Symbol #PWR029 Hidden pin 1 [-VBAT, Power input, Line]
[pin_to_pin]: Pins of type Unspecified and Power input are connected
    ; warning
    @(8600 mils, 5850 mils): Symbol X1 Pin 2 [GND, Unspecified, Line]
    @(8400 mils, 6150 mils): Symbol #PWR029 Hidden pin 1 [-VBAT, Power input, Line]
[pin_to_pin]: Pins of type Unspecified and Unspecified are connected
    ; warning
    @(8400 mils, 6750 mils): Symbol C50 Pin 2 [Unspecified, Line]
    @(8600 mils, 6650 mils): Symbol X2 Pin 1 [OSC1, Unspecified, Line]
[pin_to_pin]: Pins of type Unspecified and Power input are connected
    ; warning
    @(8400 mils, 7050 mils): Symbol C50 Pin 1 [Unspecified, Line]
    @(8400 mils, 7150 mils): Symbol #PWR031 Hidden pin 1 [-VBAT, Power input, Line]
[pin_to_pin]: Pins of type Unspecified and Power input are connected
    ; warning
    @(8600 mils, 6850 mils): Symbol X2 Pin 2 [GND, Unspecified, Line]
    @(8400 mils, 7150 mils): Symbol #PWR031 Hidden pin 1 [-VBAT, Power input, Line]
[pin_to_pin]: Pins of type Unspecified and Power input are connected
    ; warning
    @(9600 mils, 5850 mils): Symbol X1 Pin 4 [GND, Unspecified, Line]
    @(9800 mils, 6150 mils): Symbol #PWR030 Hidden pin 1 [-VBAT, Power input, Line]
[pin_to_pin]: Pins of type Unspecified and Unspecified are connected
    ; warning
    @(9800 mils, 5750 mils): Symbol C49 Pin 2 [Unspecified, Line]
    @(9600 mils, 5650 mils): Symbol X1 Pin 3 [OSC2, Unspecified, Line]
[pin_to_pin]: Pins of type Unspecified and Power input are connected
    ; warning
    @(9800 mils, 6050 mils): Symbol C49 Pin 1 [Unspecified, Line]
    @(9800 mils, 6150 mils): Symbol #PWR030 Hidden pin 1 [-VBAT, Power input, Line]
[pin_to_pin]: Pins of type Unspecified and Power input are connected
    ; warning
    @(9600 mils, 6850 mils): Symbol X2 Pin 4 [GND, Unspecified, Line]
    @(9800 mils, 7150 mils): Symbol #PWR032 Hidden pin 1 [-VBAT, Power input, Line]
[pin_to_pin]: Pins of type Unspecified and Unspecified are connected
    ; warning
    @(9800 mils, 6750 mils): Symbol C51 Pin 2 [Unspecified, Line]
    @(9600 mils, 6650 mils): Symbol X2 Pin 3 [OSC2, Unspecified, Line]
[pin_to_pin]: Pins of type Unspecified and Power input are connected
    ; warning
    @(9800 mils, 7050 mils): Symbol C51 Pin 1 [Unspecified, Line]
    @(9800 mils, 7150 mils): Symbol #PWR032 Hidden pin 1 [-VBAT, Power input, Line]

***** Sheet /Project Architecture/Motor Control - Index/
[pin_to_pin]: Pins of type Unspecified and Unspecified are connected
    ; warning
    @(4200 mils, 1800 mils): Symbol U8 Pin 1 [OCC, Unspecified, Line]
    @(4200 mils, 2000 mils): Symbol U8 Pin 3 [ENB, Unspecified, Line]
[pin_to_pin]: Pins of type Unspecified and Passive are connected
    ; warning
    @(4200 mils, 1900 mils): Symbol U8 Pin 2 [VCC, Unspecified, Line]
    @(2600 mils, 4100 mils): Symbol R7 Pin 2 [Passive, Line]
[pin_to_pin]: Pins of type Unspecified and Passive are connected
    ; warning
    @(2000 mils, 4200 mils): Symbol C52 Pin 2 [Unspecified, Line]
    @(2300 mils, 4100 mils): Symbol R7 Pin 1 [Passive, Line]
[pin_to_pin]: Pins of type Unspecified and Unspecified are connected
    ; warning
    @(4200 mils, 2100 mils): Symbol U8 Pin 4 [AGND, Unspecified, Line]
    @(5400 mils, 2000 mils): Symbol U8 Pin 17 [PGND, Unspecified, Line]
[pin_to_pin]: Pins of type Unspecified and Passive are connected
    ; warning
    @(4200 mils, 2400 mils): Symbol U8 Pin 7 [OCM, Unspecified, Line]
    @(5300 mils, 4100 mils): Symbol R8 Pin 2 [Passive, Line]
[pin_to_pin]: Pins of type Unspecified and Power input are connected
    ; warning
    @(2000 mils, 4500 mils): Symbol C52 Pin 1 [Unspecified, Line]
    @(2000 mils, 4600 mils): Symbol #PWR037 Hidden pin 1 [-VBAT, Power input, Line]
[pin_to_pin]: Pins of type Unspecified and Unspecified are connected
    ; warning
    @(4200 mils, 2800 mils): Symbol U8 Pin 11 [VBAT, Unspecified, Line]
    @(4200 mils, 2900 mils): Symbol U8 Pin 12 [VBAT, Unspecified, Line]
[pin_to_pin]: Pins of type Unspecified and Unspecified are connected
    ; warning
    @(4200 mils, 2900 mils): Symbol U8 Pin 12 [VBAT, Unspecified, Line]
    @(5400 mils, 2800 mils): Symbol U8 Pin 25 [VBAT, Unspecified, Line]
[pin_to_pin]: Pins of type Unspecified and Unspecified are connected
    ; warning
    @(4200 mils, 3000 mils): Symbol U8 Pin 13 [OUT1, Unspecified, Line]
    @(4200 mils, 3100 mils): Symbol U8 Pin 14 [OUT1, Unspecified, Line]
[pin_to_pin]: Pins of type Unspecified and Power input are connected
    ; warning
    @(2900 mils, 4500 mils): Symbol C53 Pin 1 [Unspecified, Line]
    @(2000 mils, 4600 mils): Symbol #PWR037 Hidden pin 1 [-VBAT, Power input, Line]
[pin_to_pin]: Pins of type Unspecified and Unspecified are connected
    ; warning
    @(5400 mils, 1800 mils): Symbol U8 Pin 15 [PGND, Unspecified, Line]
    @(5400 mils, 1900 mils): Symbol U8 Pin 16 [PGND, Unspecified, Line]
[pin_to_pin]: Pins of type Unspecified and Unspecified are connected
    ; warning
    @(5400 mils, 1900 mils): Symbol U8 Pin 16 [PGND, Unspecified, Line]
    @(5400 mils, 2000 mils): Symbol U8 Pin 17 [PGND, Unspecified, Line]
[pin_to_pin]: Pins of type Unspecified and Unspecified are connected
    ; warning
    @(5400 mils, 2000 mils): Symbol U8 Pin 17 [PGND, Unspecified, Line]
    @(5400 mils, 2200 mils): Symbol U8 Pin 19 [PGND, Unspecified, Line]
[pin_to_pin]: Pins of type Unspecified and Passive are connected
    ; warning
    @(5400 mils, 2100 mils): Symbol U8 Pin 18 [DIAG, Unspecified, Line]
    @(7000 mils, 4250 mils): Symbol R11 Pin 1 [Passive, Line]
[pin_to_pin]: Pins of type Unspecified and Unspecified are connected
    ; warning
    @(4000 mils, 4200 mils): Symbol C54 Pin 2 [Unspecified, Line]
    @(4200 mils, 2900 mils): Symbol U8 Pin 12 [VBAT, Unspecified, Line]
[pin_to_pin]: Pins of type Unspecified and Power input are connected
    ; warning
    @(4800 mils, 3300 mils): Symbol U8 Pin 29 [EP, Unspecified, Line]
    @(5500 mils, 3450 mils): Symbol #PWR033 Hidden pin 1 [-VBAT, Power input, Line]
[pin_to_pin]: Pins of type Unspecified and Unspecified are connected
    ; warning
    @(5400 mils, 2200 mils): Symbol U8 Pin 19 [PGND, Unspecified, Line]
    @(5400 mils, 2300 mils): Symbol U8 Pin 20 [PGND, Unspecified, Line]
[pin_to_pin]: Pins of type Unspecified and Unspecified are connected
    ; warning
    @(5400 mils, 2300 mils): Symbol U8 Pin 20 [PGND, Unspecified, Line]
    @(5400 mils, 2400 mils): Symbol U8 Pin 21 [PGND, Unspecified, Line]
[pin_to_pin]: Pins of type Unspecified and Unspecified are connected
    ; warning
    @(5400 mils, 2400 mils): Symbol U8 Pin 21 [PGND, Unspecified, Line]
    @(5400 mils, 3000 mils): Symbol U8 Pin 27 [TEST1, Unspecified, Line]
[pin_to_pin]: Pins of type Unspecified and Unspecified are connected
    ; warning
    @(5400 mils, 2500 mils): Symbol U8 Pin 22 [OUT2, Unspecified, Line]
    @(5400 mils, 2600 mils): Symbol U8 Pin 23 [OUT2, Unspecified, Line]
[pin_to_pin]: Pins of type Unspecified and Power input are connected
    ; warning
    @(4000 mils, 4500 mils): Symbol C54 Pin 1 [Unspecified, Line]
    @(4000 mils, 4600 mils): Symbol #PWR038 Hidden pin 1 [-VBAT, Power input, Line]
[pin_to_pin]: Pins of type Unspecified and Unspecified are connected
    ; warning
    @(5400 mils, 2700 mils): Symbol U8 Pin 24 [VBAT, Unspecified, Line]
    @(5400 mils, 2800 mils): Symbol U8 Pin 25 [VBAT, Unspecified, Line]
[pin_to_pin]: Pins of type Unspecified and Unspecified are connected
    ; warning
    @(5400 mils, 2800 mils): Symbol U8 Pin 25 [VBAT, Unspecified, Line]
    @(5400 mils, 2800 mils): Symbol U13 Pin 25 [VBAT, Unspecified, Line]
[pin_to_pin]: Pins of type Unspecified and Unspecified are connected
    ; warning
    @(5400 mils, 3000 mils): Symbol U8 Pin 27 [TEST1, Unspecified, Line]
    @(5400 mils, 3100 mils): Symbol U8 Pin 28 [TEST2, Unspecified, Line]
[pin_to_pin]: Pins of type Unspecified and Power input are connected
    ; warning
    @(5400 mils, 3100 mils): Symbol U8 Pin 28 [TEST2, Unspecified, Line]
    @(5500 mils, 3450 mils): Symbol #PWR033 Hidden pin 1 [-VBAT, Power input, Line]
[pin_to_pin]: Pins of type Unspecified and Passive are connected
    ; warning
    @(5000 mils, 4200 mils): Symbol C55 Pin 2 [Unspecified, Line]
    @(5300 mils, 4100 mils): Symbol R8 Pin 2 [Passive, Line]
[pin_to_pin]: Pins of type Unspecified and Power input are connected
    ; warning
    @(5000 mils, 4500 mils): Symbol C55 Pin 1 [Unspecified, Line]
    @(5000 mils, 4600 mils): Symbol #PWR039 Hidden pin 1 [-VBAT, Power input, Line]
[pin_to_pin]: Pins of type Unspecified and Unspecified are connected
    ; warning
    @(4500 mils, 5300 mils): Symbol C56 Pin 2 [Unspecified, Line]
    @(9350 mils, 4300 mils): Symbol J3 Pin 3 [3, Unspecified, Line]
[pin_to_pin]: Pins of type Unspecified and Power input are connected
    ; warning
    @(4500 mils, 5600 mils): Symbol C56 Pin 1 [Unspecified, Line]
    @(4500 mils, 5700 mils): Symbol #PWR041 Hidden pin 1 [-VBAT, Power input, Line]
[pin_to_pin]: Pins of type Unspecified and Passive are connected
    ; warning
    @(6400 mils, 5300 mils): Symbol C57 Pin 2 [Unspecified, Line]
    @(6200 mils, 5200 mils): Symbol R12 Pin 2 [Passive, Line]
[pin_to_pin]: Pins of type Unspecified and Power input are connected
    ; warning
    @(6400 mils, 5600 mils): Symbol C57 Pin 1 [Unspecified, Line]
    @(6400 mils, 5700 mils): Symbol #PWR042 Hidden pin 1 [-VBAT, Power input, Line]
[pin_to_pin]: Pins of type Unspecified and Power input are connected
    ; warning
    @(9050 mils, 3900 mils): Symbol J3 Pin 11 [11, Unspecified, Line]
    @(9150 mils, 3800 mils): Symbol #PWR034 Hidden pin 1 [-VBAT, Power input, Line]
[pin_to_pin]: Pins of type Unspecified and Power input are connected
    ; warning
    @(9350 mils, 4100 mils): Symbol J3 Pin 1 [1, Unspecified, Line]
    @(9500 mils, 4100 mils): Symbol #PWR035 Hidden pin 1 [-VBAT, Power input, Line]
[pin_to_pin]: Pins of type Unspecified and Passive are connected
    ; warning
    @(9350 mils, 4200 mils): Symbol J3 Pin 2 [2, Unspecified, Line]
    @(5900 mils, 5200 mils): Symbol R12 Pin 1 [Passive, Line]
[pin_to_pin]: Pins of type Unspecified and Unspecified are connected
    ; warning
    @(9350 mils, 4300 mils): Symbol J3 Pin 3 [3, Unspecified, Line]
    @(9900 mils, 6600 mils): Symbol U7 Pin 64 [VDD, Unspecified, Line]
[pin_to_pin]: Pins of type Unspecified and Unspecified are connected
    ; warning
    @(9350 mils, 4400 mils): Symbol J3 Pin 4 [4, Unspecified, Line]
    @(4200 mils, 3100 mils): Symbol U8 Pin 14 [OUT1, Unspecified, Line]
[pin_to_pin]: Pins of type Unspecified and Power input are connected
    ; warning
    @(9350 mils, 4500 mils): Symbol J3 Pin 5 [5, Unspecified, Line]
    @(9500 mils, 4500 mils): Symbol #PWR036 Hidden pin 1 [-VBAT, Power input, Line]
[pin_to_pin]: Pins of type Unspecified and Power input are connected
    ; warning
    @(9050 mils, 5100 mils): Symbol J3 Pin 10 [10, Unspecified, Line]
    @(9150 mils, 5200 mils): Symbol #PWR040 Hidden pin 1 [-VBAT, Power input, Line]
[pin_to_pin]: Pins of type Unspecified and Passive are connected
    ; warning
    @(9350 mils, 4800 mils): Symbol J3 Pin 8 [8, Unspecified, Line]
    @(7000 mils, 4550 mils): Symbol R11 Pin 2 [Passive, Line]
[pin_to_pin]: Pins of type Unspecified and Unspecified are connected
    ; warning
    @(9350 mils, 4900 mils): Symbol J3 Pin 9 [9, Unspecified, Line]
    @(5400 mils, 2600 mils): Symbol U8 Pin 23 [OUT2, Unspecified, Line]

***** Sheet /Project Architecture/Motor Control - Middle/
[pin_to_pin]: Pins of type Unspecified and Unspecified are connected
    ; warning
    @(4200 mils, 1800 mils): Symbol U9 Pin 1 [OCC, Unspecified, Line]
    @(4200 mils, 2000 mils): Symbol U9 Pin 3 [ENB, Unspecified, Line]
[pin_to_pin]: Pins of type Unspecified and Passive are connected
    ; warning
    @(4200 mils, 1900 mils): Symbol U9 Pin 2 [VCC, Unspecified, Line]
    @(2600 mils, 4100 mils): Symbol R13 Pin 2 [Passive, Line]
[pin_to_pin]: Pins of type Unspecified and Passive are connected
    ; warning
    @(2000 mils, 4200 mils): Symbol C58 Pin 2 [Unspecified, Line]
    @(2300 mils, 4100 mils): Symbol R13 Pin 1 [Passive, Line]
[pin_to_pin]: Pins of type Unspecified and Unspecified are connected
    ; warning
    @(4200 mils, 2100 mils): Symbol U9 Pin 4 [AGND, Unspecified, Line]
    @(5400 mils, 2000 mils): Symbol U9 Pin 17 [PGND, Unspecified, Line]
[pin_to_pin]: Pins of type Unspecified and Passive are connected
    ; warning
    @(4200 mils, 2400 mils): Symbol U9 Pin 7 [OCM, Unspecified, Line]
    @(5300 mils, 4100 mils): Symbol R14 Pin 2 [Passive, Line]
[pin_to_pin]: Pins of type Unspecified and Power input are connected
    ; warning
    @(2000 mils, 4500 mils): Symbol C58 Pin 1 [Unspecified, Line]
    @(2000 mils, 4600 mils): Symbol #PWR047 Hidden pin 1 [-VBAT, Power input, Line]
[pin_to_pin]: Pins of type Unspecified and Unspecified are connected
    ; warning
    @(4200 mils, 2800 mils): Symbol U9 Pin 11 [VBAT, Unspecified, Line]
    @(4200 mils, 2900 mils): Symbol U9 Pin 12 [VBAT, Unspecified, Line]
[pin_to_pin]: Pins of type Unspecified and Passive are connected
    ; warning
    @(2900 mils, 4200 mils): Symbol C59 Pin 2 [Unspecified, Line]
    @(2600 mils, 4100 mils): Symbol R13 Pin 2 [Passive, Line]
[pin_to_pin]: Pins of type Unspecified and Unspecified are connected
    ; warning
    @(4200 mils, 3000 mils): Symbol U9 Pin 13 [OUT1, Unspecified, Line]
    @(4200 mils, 3100 mils): Symbol U9 Pin 14 [OUT1, Unspecified, Line]
[pin_to_pin]: Pins of type Unspecified and Power input are connected
    ; warning
    @(2900 mils, 4500 mils): Symbol C59 Pin 1 [Unspecified, Line]
    @(2000 mils, 4600 mils): Symbol #PWR047 Hidden pin 1 [-VBAT, Power input, Line]
[pin_to_pin]: Pins of type Unspecified and Unspecified are connected
    ; warning
    @(5400 mils, 1800 mils): Symbol U9 Pin 15 [PGND, Unspecified, Line]
    @(5400 mils, 1900 mils): Symbol U9 Pin 16 [PGND, Unspecified, Line]
[pin_to_pin]: Pins of type Unspecified and Unspecified are connected
    ; warning
    @(5400 mils, 1900 mils): Symbol U9 Pin 16 [PGND, Unspecified, Line]
    @(5400 mils, 2000 mils): Symbol U9 Pin 17 [PGND, Unspecified, Line]
[pin_to_pin]: Pins of type Unspecified and Unspecified are connected
    ; warning
    @(5400 mils, 2000 mils): Symbol U9 Pin 17 [PGND, Unspecified, Line]
    @(5400 mils, 2200 mils): Symbol U9 Pin 19 [PGND, Unspecified, Line]
[pin_to_pin]: Pins of type Unspecified and Passive are connected
    ; warning
    @(5400 mils, 2100 mils): Symbol U9 Pin 18 [DIAG, Unspecified, Line]
    @(7000 mils, 4250 mils): Symbol R17 Pin 1 [Passive, Line]
[pin_to_pin]: Pins of type Unspecified and Unspecified are connected
    ; warning
    @(4000 mils, 4200 mils): Symbol C60 Pin 2 [Unspecified, Line]
    @(4200 mils, 2900 mils): Symbol U9 Pin 12 [VBAT, Unspecified, Line]
[pin_to_pin]: Pins of type Unspecified and Power input are connected
    ; warning
    @(4800 mils, 3300 mils): Symbol U9 Pin 29 [EP, Unspecified, Line]
    @(5500 mils, 3450 mils): Symbol #PWR043 Hidden pin 1 [-VBAT, Power input, Line]
[pin_to_pin]: Pins of type Unspecified and Unspecified are connected
    ; warning
    @(5400 mils, 2200 mils): Symbol U9 Pin 19 [PGND, Unspecified, Line]
    @(5400 mils, 2300 mils): Symbol U9 Pin 20 [PGND, Unspecified, Line]
[pin_to_pin]: Pins of type Unspecified and Unspecified are connected
    ; warning
    @(5400 mils, 2300 mils): Symbol U9 Pin 20 [PGND, Unspecified, Line]
    @(5400 mils, 2400 mils): Symbol U9 Pin 21 [PGND, Unspecified, Line]
[pin_to_pin]: Pins of type Unspecified and Unspecified are connected
    ; warning
    @(5400 mils, 2400 mils): Symbol U9 Pin 21 [PGND, Unspecified, Line]
    @(5400 mils, 3000 mils): Symbol U9 Pin 27 [TEST1, Unspecified, Line]
[pin_to_pin]: Pins of type Unspecified and Unspecified are connected
    ; warning
    @(5400 mils, 2500 mils): Symbol U9 Pin 22 [OUT2, Unspecified, Line]
    @(5400 mils, 2600 mils): Symbol U9 Pin 23 [OUT2, Unspecified, Line]
[pin_to_pin]: Pins of type Unspecified and Power input are connected
    ; warning
    @(4000 mils, 4500 mils): Symbol C60 Pin 1 [Unspecified, Line]
    @(4000 mils, 4600 mils): Symbol #PWR048 Hidden pin 1 [-VBAT, Power input, Line]
[pin_to_pin]: Pins of type Unspecified and Unspecified are connected
    ; warning
    @(5400 mils, 2700 mils): Symbol U9 Pin 24 [VBAT, Unspecified, Line]
    @(5400 mils, 2800 mils): Symbol U9 Pin 25 [VBAT, Unspecified, Line]
[pin_to_pin]: Pins of type Unspecified and Unspecified are connected
    ; warning
    @(5400 mils, 2800 mils): Symbol U9 Pin 25 [VBAT, Unspecified, Line]
    @(5400 mils, 2800 mils): Symbol U13 Pin 25 [VBAT, Unspecified, Line]
[pin_to_pin]: Pins of type Unspecified and Unspecified are connected
    ; warning
    @(5400 mils, 3000 mils): Symbol U9 Pin 27 [TEST1, Unspecified, Line]
    @(5400 mils, 3100 mils): Symbol U9 Pin 28 [TEST2, Unspecified, Line]
[pin_to_pin]: Pins of type Unspecified and Power input are connected
    ; warning
    @(5400 mils, 3100 mils): Symbol U9 Pin 28 [TEST2, Unspecified, Line]
    @(5500 mils, 3450 mils): Symbol #PWR043 Hidden pin 1 [-VBAT, Power input, Line]
[pin_to_pin]: Pins of type Unspecified and Passive are connected
    ; warning
    @(5000 mils, 4200 mils): Symbol C61 Pin 2 [Unspecified, Line]
    @(5300 mils, 4100 mils): Symbol R14 Pin 2 [Passive, Line]
[pin_to_pin]: Pins of type Unspecified and Power input are connected
    ; warning
    @(5000 mils, 4500 mils): Symbol C61 Pin 1 [Unspecified, Line]
    @(5000 mils, 4600 mils): Symbol #PWR049 Hidden pin 1 [-VBAT, Power input, Line]
[pin_to_pin]: Pins of type Unspecified and Unspecified are connected
    ; warning
    @(4500 mils, 5300 mils): Symbol C62 Pin 2 [Unspecified, Line]
    @(9350 mils, 4300 mils): Symbol J4 Pin 3 [3, Unspecified, Line]
[pin_to_pin]: Pins of type Unspecified and Power input are connected
    ; warning
    @(4500 mils, 5600 mils): Symbol C62 Pin 1 [Unspecified, Line]
    @(4500 mils, 5700 mils): Symbol #PWR051 Hidden pin 1 [-VBAT, Power input, Line]
[pin_to_pin]: Pins of type Unspecified and Passive are connected
    ; warning
    @(6400 mils, 5300 mils): Symbol C63 Pin 2 [Unspecified, Line]
    @(6200 mils, 5200 mils): Symbol R18 Pin 2 [Passive, Line]
[pin_to_pin]: Pins of type Unspecified and Power input are connected
    ; warning
    @(6400 mils, 5600 mils): Symbol C63 Pin 1 [Unspecified, Line]
    @(6400 mils, 5700 mils): Symbol #PWR052 Hidden pin 1 [-VBAT, Power input, Line]
[pin_to_pin]: Pins of type Unspecified and Power input are connected
    ; warning
    @(9050 mils, 3900 mils): Symbol J4 Pin 11 [11, Unspecified, Line]
    @(9150 mils, 3800 mils): Symbol #PWR044 Hidden pin 1 [-VBAT, Power input, Line]
[pin_to_pin]: Pins of type Unspecified and Power input are connected
    ; warning
    @(9350 mils, 4100 mils): Symbol J4 Pin 1 [1, Unspecified, Line]
    @(9500 mils, 4100 mils): Symbol #PWR045 Hidden pin 1 [-VBAT, Power input, Line]
[pin_to_pin]: Pins of type Unspecified and Passive are connected
    ; warning
    @(9350 mils, 4200 mils): Symbol J4 Pin 2 [2, Unspecified, Line]
    @(5900 mils, 5200 mils): Symbol R18 Pin 1 [Passive, Line]
[pin_to_pin]: Pins of type Unspecified and Unspecified are connected
    ; warning
    @(9350 mils, 4300 mils): Symbol J4 Pin 3 [3, Unspecified, Line]
    @(9900 mils, 6600 mils): Symbol U7 Pin 64 [VDD, Unspecified, Line]
[pin_to_pin]: Pins of type Unspecified and Unspecified are connected
    ; warning
    @(9350 mils, 4400 mils): Symbol J4 Pin 4 [4, Unspecified, Line]
    @(4200 mils, 3100 mils): Symbol U9 Pin 14 [OUT1, Unspecified, Line]
[pin_to_pin]: Pins of type Unspecified and Power input are connected
    ; warning
    @(9350 mils, 4500 mils): Symbol J4 Pin 5 [5, Unspecified, Line]
    @(9500 mils, 4500 mils): Symbol #PWR046 Hidden pin 1 [-VBAT, Power input, Line]
[pin_to_pin]: Pins of type Unspecified and Power input are connected
    ; warning
    @(9050 mils, 5100 mils): Symbol J4 Pin 10 [10, Unspecified, Line]
    @(9150 mils, 5200 mils): Symbol #PWR050 Hidden pin 1 [-VBAT, Power input, Line]
[pin_to_pin]: Pins of type Unspecified and Passive are connected
    ; warning
    @(9350 mils, 4800 mils): Symbol J4 Pin 8 [8, Unspecified, Line]
    @(7000 mils, 4550 mils): Symbol R17 Pin 2 [Passive, Line]
[pin_to_pin]: Pins of type Unspecified and Unspecified are connected
    ; warning
    @(9350 mils, 4900 mils): Symbol J4 Pin 9 [9, Unspecified, Line]
    @(5400 mils, 2600 mils): Symbol U9 Pin 23 [OUT2, Unspecified, Line]

***** Sheet /Project Architecture/Motor Control - Ring/
[pin_to_pin]: Pins of type Unspecified and Unspecified are connected
    ; warning
    @(4200 mils, 1800 mils): Symbol U10 Pin 1 [OCC, Unspecified, Line]
    @(4200 mils, 2000 mils): Symbol U10 Pin 3 [ENB, Unspecified, Line]
[pin_to_pin]: Pins of type Unspecified and Passive are connected
    ; warning
    @(4200 mils, 1900 mils): Symbol U10 Pin 2 [VCC, Unspecified, Line]
    @(2600 mils, 4100 mils): Symbol R19 Pin 2 [Passive, Line]
[pin_to_pin]: Pins of type Unspecified and Unspecified are connected
    ; warning
    @(4200 mils, 2000 mils): Symbol U10 Pin 3 [ENB, Unspecified, Line]
    @(4200 mils, 2100 mils): Symbol U10 Pin 4 [AGND, Unspecified, Line]
[pin_to_pin]: Pins of type Unspecified and Unspecified are connected
    ; warning
    @(4200 mils, 2100 mils): Symbol U10 Pin 4 [AGND, Unspecified, Line]
    @(5400 mils, 2000 mils): Symbol U10 Pin 17 [PGND, Unspecified, Line]
[pin_to_pin]: Pins of type Unspecified and Passive are connected
    ; warning
    @(4200 mils, 2400 mils): Symbol U10 Pin 7 [OCM, Unspecified, Line]
    @(5300 mils, 4100 mils): Symbol R20 Pin 2 [Passive, Line]
[pin_to_pin]: Pins of type Unspecified and Power input are connected
    ; warning
    @(2000 mils, 4500 mils): Symbol C64 Pin 1 [Unspecified, Line]
    @(2000 mils, 4600 mils): Symbol #PWR057 Hidden pin 1 [-VBAT, Power input, Line]
[pin_to_pin]: Pins of type Unspecified and Unspecified are connected
    ; warning
    @(4200 mils, 2800 mils): Symbol U10 Pin 11 [VBAT, Unspecified, Line]
    @(4200 mils, 2900 mils): Symbol U10 Pin 12 [VBAT, Unspecified, Line]
[pin_to_pin]: Pins of type Unspecified and Passive are connected
    ; warning
    @(2900 mils, 4200 mils): Symbol C65 Pin 2 [Unspecified, Line]
    @(2600 mils, 4100 mils): Symbol R19 Pin 2 [Passive, Line]
[pin_to_pin]: Pins of type Unspecified and Unspecified are connected
    ; warning
    @(4200 mils, 3000 mils): Symbol U10 Pin 13 [OUT1, Unspecified, Line]
    @(4200 mils, 3100 mils): Symbol U10 Pin 14 [OUT1, Unspecified, Line]
[pin_to_pin]: Pins of type Unspecified and Power input are connected
    ; warning
    @(2900 mils, 4500 mils): Symbol C65 Pin 1 [Unspecified, Line]
    @(2000 mils, 4600 mils): Symbol #PWR057 Hidden pin 1 [-VBAT, Power input, Line]
[pin_to_pin]: Pins of type Unspecified and Unspecified are connected
    ; warning
    @(5400 mils, 1800 mils): Symbol U10 Pin 15 [PGND, Unspecified, Line]
    @(5400 mils, 1900 mils): Symbol U10 Pin 16 [PGND, Unspecified, Line]
[pin_to_pin]: Pins of type Unspecified and Unspecified are connected
    ; warning
    @(5400 mils, 1900 mils): Symbol U10 Pin 16 [PGND, Unspecified, Line]
    @(5400 mils, 2000 mils): Symbol U10 Pin 17 [PGND, Unspecified, Line]
[pin_to_pin]: Pins of type Unspecified and Unspecified are connected
    ; warning
    @(5400 mils, 2000 mils): Symbol U10 Pin 17 [PGND, Unspecified, Line]
    @(5400 mils, 2200 mils): Symbol U10 Pin 19 [PGND, Unspecified, Line]
[pin_to_pin]: Pins of type Unspecified and Passive are connected
    ; warning
    @(5400 mils, 2100 mils): Symbol U10 Pin 18 [DIAG, Unspecified, Line]
    @(7000 mils, 4250 mils): Symbol R23 Pin 1 [Passive, Line]
[pin_to_pin]: Pins of type Unspecified and Unspecified are connected
    ; warning
    @(4000 mils, 4200 mils): Symbol C66 Pin 2 [Unspecified, Line]
    @(4200 mils, 2900 mils): Symbol U10 Pin 12 [VBAT, Unspecified, Line]
[pin_to_pin]: Pins of type Unspecified and Power input are connected
    ; warning
    @(4800 mils, 3300 mils): Symbol U10 Pin 29 [EP, Unspecified, Line]
    @(5500 mils, 3450 mils): Symbol #PWR053 Hidden pin 1 [-VBAT, Power input, Line]
[pin_to_pin]: Pins of type Unspecified and Unspecified are connected
    ; warning
    @(5400 mils, 2200 mils): Symbol U10 Pin 19 [PGND, Unspecified, Line]
    @(5400 mils, 2300 mils): Symbol U10 Pin 20 [PGND, Unspecified, Line]
[pin_to_pin]: Pins of type Unspecified and Unspecified are connected
    ; warning
    @(5400 mils, 2300 mils): Symbol U10 Pin 20 [PGND, Unspecified, Line]
    @(5400 mils, 2400 mils): Symbol U10 Pin 21 [PGND, Unspecified, Line]
[pin_to_pin]: Pins of type Unspecified and Unspecified are connected
    ; warning
    @(5400 mils, 2400 mils): Symbol U10 Pin 21 [PGND, Unspecified, Line]
    @(5400 mils, 3000 mils): Symbol U10 Pin 27 [TEST1, Unspecified, Line]
[pin_to_pin]: Pins of type Unspecified and Unspecified are connected
    ; warning
    @(5400 mils, 2500 mils): Symbol U10 Pin 22 [OUT2, Unspecified, Line]
    @(5400 mils, 2600 mils): Symbol U10 Pin 23 [OUT2, Unspecified, Line]
[pin_to_pin]: Pins of type Unspecified and Power input are connected
    ; warning
    @(4000 mils, 4500 mils): Symbol C66 Pin 1 [Unspecified, Line]
    @(4000 mils, 4600 mils): Symbol #PWR058 Hidden pin 1 [-VBAT, Power input, Line]
[pin_to_pin]: Pins of type Unspecified and Unspecified are connected
    ; warning
    @(5400 mils, 2700 mils): Symbol U10 Pin 24 [VBAT, Unspecified, Line]
    @(5400 mils, 2800 mils): Symbol U10 Pin 25 [VBAT, Unspecified, Line]
[pin_to_pin]: Pins of type Unspecified and Unspecified are connected
    ; warning
    @(5400 mils, 2800 mils): Symbol U10 Pin 25 [VBAT, Unspecified, Line]
    @(5400 mils, 2800 mils): Symbol U13 Pin 25 [VBAT, Unspecified, Line]
[pin_to_pin]: Pins of type Unspecified and Unspecified are connected
    ; warning
    @(5400 mils, 3000 mils): Symbol U10 Pin 27 [TEST1, Unspecified, Line]
    @(5400 mils, 3100 mils): Symbol U10 Pin 28 [TEST2, Unspecified, Line]
[pin_to_pin]: Pins of type Unspecified and Power input are connected
    ; warning
    @(5400 mils, 3100 mils): Symbol U10 Pin 28 [TEST2, Unspecified, Line]
    @(5500 mils, 3450 mils): Symbol #PWR053 Hidden pin 1 [-VBAT, Power input, Line]
[pin_to_pin]: Pins of type Unspecified and Passive are connected
    ; warning
    @(5000 mils, 4200 mils): Symbol C67 Pin 2 [Unspecified, Line]
    @(5300 mils, 4100 mils): Symbol R20 Pin 2 [Passive, Line]
[pin_to_pin]: Pins of type Unspecified and Power input are connected
    ; warning
    @(5000 mils, 4500 mils): Symbol C67 Pin 1 [Unspecified, Line]
    @(5000 mils, 4600 mils): Symbol #PWR059 Hidden pin 1 [-VBAT, Power input, Line]
[pin_to_pin]: Pins of type Unspecified and Unspecified are connected
    ; warning
    @(4500 mils, 5300 mils): Symbol C68 Pin 2 [Unspecified, Line]
    @(9350 mils, 4300 mils): Symbol J5 Pin 3 [3, Unspecified, Line]
[pin_to_pin]: Pins of type Unspecified and Power input are connected
    ; warning
    @(4500 mils, 5600 mils): Symbol C68 Pin 1 [Unspecified, Line]
    @(4500 mils, 5700 mils): Symbol #PWR061 Hidden pin 1 [-VBAT, Power input, Line]
[pin_to_pin]: Pins of type Unspecified and Passive are connected
    ; warning
    @(6400 mils, 5300 mils): Symbol C69 Pin 2 [Unspecified, Line]
    @(6200 mils, 5200 mils): Symbol R24 Pin 2 [Passive, Line]
[pin_to_pin]: Pins of type Unspecified and Power input are connected
    ; warning
    @(6400 mils, 5600 mils): Symbol C69 Pin 1 [Unspecified, Line]
    @(6400 mils, 5700 mils): Symbol #PWR062 Hidden pin 1 [-VBAT, Power input, Line]
[pin_to_pin]: Pins of type Unspecified and Power input are connected
    ; warning
    @(9050 mils, 3900 mils): Symbol J5 Pin 11 [11, Unspecified, Line]
    @(9150 mils, 3800 mils): Symbol #PWR054 Hidden pin 1 [-VBAT, Power input, Line]
[pin_to_pin]: Pins of type Unspecified and Power input are connected
    ; warning
    @(9350 mils, 4100 mils): Symbol J5 Pin 1 [1, Unspecified, Line]
    @(9500 mils, 4100 mils): Symbol #PWR055 Hidden pin 1 [-VBAT, Power input, Line]
[pin_to_pin]: Pins of type Unspecified and Passive are connected
    ; warning
    @(9350 mils, 4200 mils): Symbol J5 Pin 2 [2, Unspecified, Line]
    @(5900 mils, 5200 mils): Symbol R24 Pin 1 [Passive, Line]
[pin_to_pin]: Pins of type Unspecified and Unspecified are connected
    ; warning
    @(9350 mils, 4300 mils): Symbol J5 Pin 3 [3, Unspecified, Line]
    @(9900 mils, 6600 mils): Symbol U7 Pin 64 [VDD, Unspecified, Line]
[pin_to_pin]: Pins of type Unspecified and Unspecified are connected
    ; warning
    @(9350 mils, 4400 mils): Symbol J5 Pin 4 [4, Unspecified, Line]
    @(4200 mils, 3100 mils): Symbol U10 Pin 14 [OUT1, Unspecified, Line]
[pin_to_pin]: Pins of type Unspecified and Power input are connected
    ; warning
    @(9350 mils, 4500 mils): Symbol J5 Pin 5 [5, Unspecified, Line]
    @(9500 mils, 4500 mils): Symbol #PWR056 Hidden pin 1 [-VBAT, Power input, Line]
[pin_to_pin]: Pins of type Unspecified and Power input are connected
    ; warning
    @(9050 mils, 5100 mils): Symbol J5 Pin 10 [10, Unspecified, Line]
    @(9150 mils, 5200 mils): Symbol #PWR060 Hidden pin 1 [-VBAT, Power input, Line]
[pin_to_pin]: Pins of type Unspecified and Passive are connected
    ; warning
    @(9350 mils, 4800 mils): Symbol J5 Pin 8 [8, Unspecified, Line]
    @(7000 mils, 4550 mils): Symbol R23 Pin 2 [Passive, Line]
[pin_to_pin]: Pins of type Unspecified and Unspecified are connected
    ; warning
    @(9350 mils, 4900 mils): Symbol J5 Pin 9 [9, Unspecified, Line]
    @(5400 mils, 2600 mils): Symbol U10 Pin 23 [OUT2, Unspecified, Line]

***** Sheet /Project Architecture/Motor Control - Pinky/
[pin_to_pin]: Pins of type Unspecified and Unspecified are connected
    ; warning
    @(4200 mils, 1800 mils): Symbol U11 Pin 1 [OCC, Unspecified, Line]
    @(4200 mils, 2000 mils): Symbol U11 Pin 3 [ENB, Unspecified, Line]
[pin_to_pin]: Pins of type Unspecified and Passive are connected
    ; warning
    @(4200 mils, 1900 mils): Symbol U11 Pin 2 [VCC, Unspecified, Line]
    @(2600 mils, 4100 mils): Symbol R25 Pin 2 [Passive, Line]
[pin_to_pin]: Pins of type Unspecified and Passive are connected
    ; warning
    @(2000 mils, 4200 mils): Symbol C70 Pin 2 [Unspecified, Line]
    @(2300 mils, 4100 mils): Symbol R25 Pin 1 [Passive, Line]
[pin_to_pin]: Pins of type Unspecified and Unspecified are connected
    ; warning
    @(4200 mils, 2100 mils): Symbol U11 Pin 4 [AGND, Unspecified, Line]
    @(5400 mils, 2000 mils): Symbol U11 Pin 17 [PGND, Unspecified, Line]
[pin_to_pin]: Pins of type Unspecified and Passive are connected
    ; warning
    @(4200 mils, 2400 mils): Symbol U11 Pin 7 [OCM, Unspecified, Line]
    @(5300 mils, 4100 mils): Symbol R26 Pin 2 [Passive, Line]
[pin_to_pin]: Pins of type Unspecified and Power input are connected
    ; warning
    @(2000 mils, 4500 mils): Symbol C70 Pin 1 [Unspecified, Line]
    @(2000 mils, 4600 mils): Symbol #PWR067 Hidden pin 1 [-VBAT, Power input, Line]
[pin_to_pin]: Pins of type Unspecified and Unspecified are connected
    ; warning
    @(4200 mils, 2800 mils): Symbol U11 Pin 11 [VBAT, Unspecified, Line]
    @(4200 mils, 2900 mils): Symbol U11 Pin 12 [VBAT, Unspecified, Line]
[pin_to_pin]: Pins of type Unspecified and Unspecified are connected
    ; warning
    @(4200 mils, 2900 mils): Symbol U11 Pin 12 [VBAT, Unspecified, Line]
    @(5400 mils, 2800 mils): Symbol U11 Pin 25 [VBAT, Unspecified, Line]
[pin_to_pin]: Pins of type Unspecified and Unspecified are connected
    ; warning
    @(4200 mils, 3000 mils): Symbol U11 Pin 13 [OUT1, Unspecified, Line]
    @(4200 mils, 3100 mils): Symbol U11 Pin 14 [OUT1, Unspecified, Line]
[pin_to_pin]: Pins of type Unspecified and Power input are connected
    ; warning
    @(2900 mils, 4500 mils): Symbol C71 Pin 1 [Unspecified, Line]
    @(2000 mils, 4600 mils): Symbol #PWR067 Hidden pin 1 [-VBAT, Power input, Line]
[pin_to_pin]: Pins of type Unspecified and Unspecified are connected
    ; warning
    @(5400 mils, 1800 mils): Symbol U11 Pin 15 [PGND, Unspecified, Line]
    @(5400 mils, 1900 mils): Symbol U11 Pin 16 [PGND, Unspecified, Line]
[pin_to_pin]: Pins of type Unspecified and Unspecified are connected
    ; warning
    @(5400 mils, 1900 mils): Symbol U11 Pin 16 [PGND, Unspecified, Line]
    @(5400 mils, 2000 mils): Symbol U11 Pin 17 [PGND, Unspecified, Line]
[pin_to_pin]: Pins of type Unspecified and Unspecified are connected
    ; warning
    @(5400 mils, 2000 mils): Symbol U11 Pin 17 [PGND, Unspecified, Line]
    @(5400 mils, 2200 mils): Symbol U11 Pin 19 [PGND, Unspecified, Line]
[pin_to_pin]: Pins of type Unspecified and Passive are connected
    ; warning
    @(5400 mils, 2100 mils): Symbol U11 Pin 18 [DIAG, Unspecified, Line]
    @(7000 mils, 4250 mils): Symbol R29 Pin 1 [Passive, Line]
[pin_to_pin]: Pins of type Unspecified and Unspecified are connected
    ; warning
    @(4000 mils, 4200 mils): Symbol C72 Pin 2 [Unspecified, Line]
    @(4200 mils, 2900 mils): Symbol U11 Pin 12 [VBAT, Unspecified, Line]
[pin_to_pin]: Pins of type Unspecified and Power input are connected
    ; warning
    @(4800 mils, 3300 mils): Symbol U11 Pin 29 [EP, Unspecified, Line]
    @(5500 mils, 3450 mils): Symbol #PWR063 Hidden pin 1 [-VBAT, Power input, Line]
[pin_to_pin]: Pins of type Unspecified and Unspecified are connected
    ; warning
    @(5400 mils, 2200 mils): Symbol U11 Pin 19 [PGND, Unspecified, Line]
    @(5400 mils, 2300 mils): Symbol U11 Pin 20 [PGND, Unspecified, Line]
[pin_to_pin]: Pins of type Unspecified and Unspecified are connected
    ; warning
    @(5400 mils, 2300 mils): Symbol U11 Pin 20 [PGND, Unspecified, Line]
    @(5400 mils, 2400 mils): Symbol U11 Pin 21 [PGND, Unspecified, Line]
[pin_to_pin]: Pins of type Unspecified and Unspecified are connected
    ; warning
    @(5400 mils, 2400 mils): Symbol U11 Pin 21 [PGND, Unspecified, Line]
    @(5400 mils, 3000 mils): Symbol U11 Pin 27 [TEST1, Unspecified, Line]
[pin_to_pin]: Pins of type Unspecified and Unspecified are connected
    ; warning
    @(5400 mils, 2500 mils): Symbol U11 Pin 22 [OUT2, Unspecified, Line]
    @(5400 mils, 2600 mils): Symbol U11 Pin 23 [OUT2, Unspecified, Line]
[pin_to_pin]: Pins of type Unspecified and Power input are connected
    ; warning
    @(4000 mils, 4500 mils): Symbol C72 Pin 1 [Unspecified, Line]
    @(4000 mils, 4600 mils): Symbol #PWR068 Hidden pin 1 [-VBAT, Power input, Line]
[pin_to_pin]: Pins of type Unspecified and Unspecified are connected
    ; warning
    @(5400 mils, 2700 mils): Symbol U11 Pin 24 [VBAT, Unspecified, Line]
    @(5400 mils, 2800 mils): Symbol U11 Pin 25 [VBAT, Unspecified, Line]
[pin_to_pin]: Pins of type Unspecified and Unspecified are connected
    ; warning
    @(5400 mils, 2800 mils): Symbol U11 Pin 25 [VBAT, Unspecified, Line]
    @(5400 mils, 2800 mils): Symbol U13 Pin 25 [VBAT, Unspecified, Line]
[pin_to_pin]: Pins of type Unspecified and Unspecified are connected
    ; warning
    @(5400 mils, 3000 mils): Symbol U11 Pin 27 [TEST1, Unspecified, Line]
    @(5400 mils, 3100 mils): Symbol U11 Pin 28 [TEST2, Unspecified, Line]
[pin_to_pin]: Pins of type Unspecified and Power input are connected
    ; warning
    @(5400 mils, 3100 mils): Symbol U11 Pin 28 [TEST2, Unspecified, Line]
    @(5500 mils, 3450 mils): Symbol #PWR063 Hidden pin 1 [-VBAT, Power input, Line]
[pin_to_pin]: Pins of type Unspecified and Passive are connected
    ; warning
    @(5000 mils, 4200 mils): Symbol C73 Pin 2 [Unspecified, Line]
    @(5300 mils, 4100 mils): Symbol R26 Pin 2 [Passive, Line]
[pin_to_pin]: Pins of type Unspecified and Power input are connected
    ; warning
    @(5000 mils, 4500 mils): Symbol C73 Pin 1 [Unspecified, Line]
    @(5000 mils, 4600 mils): Symbol #PWR069 Hidden pin 1 [-VBAT, Power input, Line]
[pin_to_pin]: Pins of type Unspecified and Unspecified are connected
    ; warning
    @(4500 mils, 5300 mils): Symbol C74 Pin 2 [Unspecified, Line]
    @(9350 mils, 4300 mils): Symbol J6 Pin 3 [3, Unspecified, Line]
[pin_to_pin]: Pins of type Unspecified and Power input are connected
    ; warning
    @(4500 mils, 5600 mils): Symbol C74 Pin 1 [Unspecified, Line]
    @(4500 mils, 5700 mils): Symbol #PWR071 Hidden pin 1 [-VBAT, Power input, Line]
[pin_to_pin]: Pins of type Unspecified and Passive are connected
    ; warning
    @(6400 mils, 5300 mils): Symbol C75 Pin 2 [Unspecified, Line]
    @(6200 mils, 5200 mils): Symbol R30 Pin 2 [Passive, Line]
[pin_to_pin]: Pins of type Unspecified and Power input are connected
    ; warning
    @(6400 mils, 5600 mils): Symbol C75 Pin 1 [Unspecified, Line]
    @(6400 mils, 5700 mils): Symbol #PWR072 Hidden pin 1 [-VBAT, Power input, Line]
[pin_to_pin]: Pins of type Unspecified and Power input are connected
    ; warning
    @(9050 mils, 3900 mils): Symbol J6 Pin 11 [11, Unspecified, Line]
    @(9150 mils, 3800 mils): Symbol #PWR064 Hidden pin 1 [-VBAT, Power input, Line]
[pin_to_pin]: Pins of type Unspecified and Power input are connected
    ; warning
    @(9350 mils, 4100 mils): Symbol J6 Pin 1 [1, Unspecified, Line]
    @(9500 mils, 4100 mils): Symbol #PWR065 Hidden pin 1 [-VBAT, Power input, Line]
[pin_to_pin]: Pins of type Unspecified and Passive are connected
    ; warning
    @(9350 mils, 4200 mils): Symbol J6 Pin 2 [2, Unspecified, Line]
    @(5900 mils, 5200 mils): Symbol R30 Pin 1 [Passive, Line]
[pin_to_pin]: Pins of type Unspecified and Unspecified are connected
    ; warning
    @(9350 mils, 4300 mils): Symbol J6 Pin 3 [3, Unspecified, Line]
    @(9900 mils, 6600 mils): Symbol U7 Pin 64 [VDD, Unspecified, Line]
[pin_to_pin]: Pins of type Unspecified and Unspecified are connected
    ; warning
    @(9350 mils, 4400 mils): Symbol J6 Pin 4 [4, Unspecified, Line]
    @(4200 mils, 3100 mils): Symbol U11 Pin 14 [OUT1, Unspecified, Line]
[pin_to_pin]: Pins of type Unspecified and Power input are connected
    ; warning
    @(9350 mils, 4500 mils): Symbol J6 Pin 5 [5, Unspecified, Line]
    @(9500 mils, 4500 mils): Symbol #PWR066 Hidden pin 1 [-VBAT, Power input, Line]
[pin_to_pin]: Pins of type Unspecified and Power input are connected
    ; warning
    @(9050 mils, 5100 mils): Symbol J6 Pin 10 [10, Unspecified, Line]
    @(9150 mils, 5200 mils): Symbol #PWR070 Hidden pin 1 [-VBAT, Power input, Line]
[pin_to_pin]: Pins of type Unspecified and Passive are connected
    ; warning
    @(9350 mils, 4800 mils): Symbol J6 Pin 8 [8, Unspecified, Line]
    @(7000 mils, 4550 mils): Symbol R29 Pin 2 [Passive, Line]
[pin_to_pin]: Pins of type Unspecified and Unspecified are connected
    ; warning
    @(9350 mils, 4900 mils): Symbol J6 Pin 9 [9, Unspecified, Line]
    @(5400 mils, 2600 mils): Symbol U11 Pin 23 [OUT2, Unspecified, Line]

***** Sheet /Project Architecture/Motor Control - Thumb 1/
[pin_to_pin]: Pins of type Unspecified and Unspecified are connected
    ; warning
    @(4200 mils, 1800 mils): Symbol U12 Pin 1 [OCC, Unspecified, Line]
    @(4200 mils, 2000 mils): Symbol U12 Pin 3 [ENB, Unspecified, Line]
[pin_to_pin]: Pins of type Unspecified and Passive are connected
    ; warning
    @(4200 mils, 1900 mils): Symbol U12 Pin 2 [VCC, Unspecified, Line]
    @(2600 mils, 4100 mils): Symbol R31 Pin 2 [Passive, Line]
[pin_to_pin]: Pins of type Unspecified and Unspecified are connected
    ; warning
    @(4200 mils, 2000 mils): Symbol U12 Pin 3 [ENB, Unspecified, Line]
    @(4200 mils, 2100 mils): Symbol U12 Pin 4 [AGND, Unspecified, Line]
[pin_to_pin]: Pins of type Unspecified and Unspecified are connected
    ; warning
    @(4200 mils, 2100 mils): Symbol U12 Pin 4 [AGND, Unspecified, Line]
    @(5400 mils, 2000 mils): Symbol U12 Pin 17 [PGND, Unspecified, Line]
[pin_to_pin]: Pins of type Unspecified and Passive are connected
    ; warning
    @(4200 mils, 2400 mils): Symbol U12 Pin 7 [OCM, Unspecified, Line]
    @(5300 mils, 4100 mils): Symbol R32 Pin 2 [Passive, Line]
[pin_to_pin]: Pins of type Unspecified and Power input are connected
    ; warning
    @(2000 mils, 4500 mils): Symbol C76 Pin 1 [Unspecified, Line]
    @(2000 mils, 4600 mils): Symbol #PWR077 Hidden pin 1 [-VBAT, Power input, Line]
[pin_to_pin]: Pins of type Unspecified and Unspecified are connected
    ; warning
    @(4200 mils, 2800 mils): Symbol U12 Pin 11 [VBAT, Unspecified, Line]
    @(4200 mils, 2900 mils): Symbol U12 Pin 12 [VBAT, Unspecified, Line]
[pin_to_pin]: Pins of type Unspecified and Unspecified are connected
    ; warning
    @(4200 mils, 2900 mils): Symbol U12 Pin 12 [VBAT, Unspecified, Line]
    @(5400 mils, 2800 mils): Symbol U12 Pin 25 [VBAT, Unspecified, Line]
[pin_to_pin]: Pins of type Unspecified and Unspecified are connected
    ; warning
    @(4200 mils, 3000 mils): Symbol U12 Pin 13 [OUT1, Unspecified, Line]
    @(4200 mils, 3100 mils): Symbol U12 Pin 14 [OUT1, Unspecified, Line]
[pin_to_pin]: Pins of type Unspecified and Power input are connected
    ; warning
    @(2900 mils, 4500 mils): Symbol C77 Pin 1 [Unspecified, Line]
    @(2000 mils, 4600 mils): Symbol #PWR077 Hidden pin 1 [-VBAT, Power input, Line]
[pin_to_pin]: Pins of type Unspecified and Unspecified are connected
    ; warning
    @(5400 mils, 1800 mils): Symbol U12 Pin 15 [PGND, Unspecified, Line]
    @(5400 mils, 1900 mils): Symbol U12 Pin 16 [PGND, Unspecified, Line]
[pin_to_pin]: Pins of type Unspecified and Unspecified are connected
    ; warning
    @(5400 mils, 1900 mils): Symbol U12 Pin 16 [PGND, Unspecified, Line]
    @(5400 mils, 2000 mils): Symbol U12 Pin 17 [PGND, Unspecified, Line]
[pin_to_pin]: Pins of type Unspecified and Unspecified are connected
    ; warning
    @(5400 mils, 2000 mils): Symbol U12 Pin 17 [PGND, Unspecified, Line]
    @(5400 mils, 2200 mils): Symbol U12 Pin 19 [PGND, Unspecified, Line]
[pin_to_pin]: Pins of type Unspecified and Passive are connected
    ; warning
    @(5400 mils, 2100 mils): Symbol U12 Pin 18 [DIAG, Unspecified, Line]
    @(7000 mils, 4250 mils): Symbol R35 Pin 1 [Passive, Line]
[pin_to_pin]: Pins of type Unspecified and Unspecified are connected
    ; warning
    @(4000 mils, 4200 mils): Symbol C78 Pin 2 [Unspecified, Line]
    @(4200 mils, 2900 mils): Symbol U12 Pin 12 [VBAT, Unspecified, Line]
[pin_to_pin]: Pins of type Unspecified and Power input are connected
    ; warning
    @(4800 mils, 3300 mils): Symbol U12 Pin 29 [EP, Unspecified, Line]
    @(5500 mils, 3450 mils): Symbol #PWR073 Hidden pin 1 [-VBAT, Power input, Line]
[pin_to_pin]: Pins of type Unspecified and Unspecified are connected
    ; warning
    @(5400 mils, 2200 mils): Symbol U12 Pin 19 [PGND, Unspecified, Line]
    @(5400 mils, 2300 mils): Symbol U12 Pin 20 [PGND, Unspecified, Line]
[pin_to_pin]: Pins of type Unspecified and Unspecified are connected
    ; warning
    @(5400 mils, 2300 mils): Symbol U12 Pin 20 [PGND, Unspecified, Line]
    @(5400 mils, 2400 mils): Symbol U12 Pin 21 [PGND, Unspecified, Line]
[pin_to_pin]: Pins of type Unspecified and Unspecified are connected
    ; warning
    @(5400 mils, 2400 mils): Symbol U12 Pin 21 [PGND, Unspecified, Line]
    @(5400 mils, 3000 mils): Symbol U12 Pin 27 [TEST1, Unspecified, Line]
[pin_to_pin]: Pins of type Unspecified and Unspecified are connected
    ; warning
    @(5400 mils, 2500 mils): Symbol U12 Pin 22 [OUT2, Unspecified, Line]
    @(5400 mils, 2600 mils): Symbol U12 Pin 23 [OUT2, Unspecified, Line]
[pin_to_pin]: Pins of type Unspecified and Power input are connected
    ; warning
    @(4000 mils, 4500 mils): Symbol C78 Pin 1 [Unspecified, Line]
    @(4000 mils, 4600 mils): Symbol #PWR078 Hidden pin 1 [-VBAT, Power input, Line]
[pin_to_pin]: Pins of type Unspecified and Unspecified are connected
    ; warning
    @(5400 mils, 2700 mils): Symbol U12 Pin 24 [VBAT, Unspecified, Line]
    @(5400 mils, 2800 mils): Symbol U12 Pin 25 [VBAT, Unspecified, Line]
[pin_to_pin]: Pins of type Unspecified and Unspecified are connected
    ; warning
    @(5400 mils, 2800 mils): Symbol U12 Pin 25 [VBAT, Unspecified, Line]
    @(5400 mils, 2800 mils): Symbol U13 Pin 25 [VBAT, Unspecified, Line]
[pin_to_pin]: Pins of type Unspecified and Unspecified are connected
    ; warning
    @(5400 mils, 3000 mils): Symbol U12 Pin 27 [TEST1, Unspecified, Line]
    @(5400 mils, 3100 mils): Symbol U12 Pin 28 [TEST2, Unspecified, Line]
[pin_to_pin]: Pins of type Unspecified and Power input are connected
    ; warning
    @(5400 mils, 3100 mils): Symbol U12 Pin 28 [TEST2, Unspecified, Line]
    @(5500 mils, 3450 mils): Symbol #PWR073 Hidden pin 1 [-VBAT, Power input, Line]
[pin_to_pin]: Pins of type Unspecified and Passive are connected
    ; warning
    @(5000 mils, 4200 mils): Symbol C79 Pin 2 [Unspecified, Line]
    @(5300 mils, 4100 mils): Symbol R32 Pin 2 [Passive, Line]
[pin_to_pin]: Pins of type Unspecified and Power input are connected
    ; warning
    @(5000 mils, 4500 mils): Symbol C79 Pin 1 [Unspecified, Line]
    @(5000 mils, 4600 mils): Symbol #PWR079 Hidden pin 1 [-VBAT, Power input, Line]
[pin_to_pin]: Pins of type Unspecified and Unspecified are connected
    ; warning
    @(4500 mils, 5300 mils): Symbol C80 Pin 2 [Unspecified, Line]
    @(9350 mils, 4300 mils): Symbol J7 Pin 3 [3, Unspecified, Line]
[pin_to_pin]: Pins of type Unspecified and Power input are connected
    ; warning
    @(4500 mils, 5600 mils): Symbol C80 Pin 1 [Unspecified, Line]
    @(4500 mils, 5700 mils): Symbol #PWR081 Hidden pin 1 [-VBAT, Power input, Line]
[pin_to_pin]: Pins of type Unspecified and Passive are connected
    ; warning
    @(6400 mils, 5300 mils): Symbol C81 Pin 2 [Unspecified, Line]
    @(6200 mils, 5200 mils): Symbol R36 Pin 2 [Passive, Line]
[pin_to_pin]: Pins of type Unspecified and Power input are connected
    ; warning
    @(6400 mils, 5600 mils): Symbol C81 Pin 1 [Unspecified, Line]
    @(6400 mils, 5700 mils): Symbol #PWR082 Hidden pin 1 [-VBAT, Power input, Line]
[pin_to_pin]: Pins of type Unspecified and Power input are connected
    ; warning
    @(9050 mils, 3900 mils): Symbol J7 Pin 11 [11, Unspecified, Line]
    @(9150 mils, 3800 mils): Symbol #PWR074 Hidden pin 1 [-VBAT, Power input, Line]
[pin_to_pin]: Pins of type Unspecified and Power input are connected
    ; warning
    @(9350 mils, 4100 mils): Symbol J7 Pin 1 [1, Unspecified, Line]
    @(9500 mils, 4100 mils): Symbol #PWR075 Hidden pin 1 [-VBAT, Power input, Line]
[pin_to_pin]: Pins of type Unspecified and Passive are connected
    ; warning
    @(9350 mils, 4200 mils): Symbol J7 Pin 2 [2, Unspecified, Line]
    @(5900 mils, 5200 mils): Symbol R36 Pin 1 [Passive, Line]
[pin_to_pin]: Pins of type Unspecified and Unspecified are connected
    ; warning
    @(9350 mils, 4300 mils): Symbol J7 Pin 3 [3, Unspecified, Line]
    @(9900 mils, 6600 mils): Symbol U7 Pin 64 [VDD, Unspecified, Line]
[pin_to_pin]: Pins of type Unspecified and Unspecified are connected
    ; warning
    @(9350 mils, 4400 mils): Symbol J7 Pin 4 [4, Unspecified, Line]
    @(4200 mils, 3100 mils): Symbol U12 Pin 14 [OUT1, Unspecified, Line]
[pin_to_pin]: Pins of type Unspecified and Power input are connected
    ; warning
    @(9350 mils, 4500 mils): Symbol J7 Pin 5 [5, Unspecified, Line]
    @(9500 mils, 4500 mils): Symbol #PWR076 Hidden pin 1 [-VBAT, Power input, Line]
[pin_to_pin]: Pins of type Unspecified and Power input are connected
    ; warning
    @(9050 mils, 5100 mils): Symbol J7 Pin 10 [10, Unspecified, Line]
    @(9150 mils, 5200 mils): Symbol #PWR080 Hidden pin 1 [-VBAT, Power input, Line]
[pin_to_pin]: Pins of type Unspecified and Passive are connected
    ; warning
    @(9350 mils, 4800 mils): Symbol J7 Pin 8 [8, Unspecified, Line]
    @(7000 mils, 4550 mils): Symbol R35 Pin 2 [Passive, Line]
[pin_to_pin]: Pins of type Unspecified and Unspecified are connected
    ; warning
    @(9350 mils, 4900 mils): Symbol J7 Pin 9 [9, Unspecified, Line]
    @(5400 mils, 2600 mils): Symbol U12 Pin 23 [OUT2, Unspecified, Line]

***** Sheet /Project Architecture/Motor Control - Thumb 2/
[pin_to_pin]: Pins of type Unspecified and Unspecified are connected
    ; warning
    @(4200 mils, 1800 mils): Symbol U13 Pin 1 [OCC, Unspecified, Line]
    @(4200 mils, 2000 mils): Symbol U13 Pin 3 [ENB, Unspecified, Line]
[pin_to_pin]: Pins of type Unspecified and Passive are connected
    ; warning
    @(4200 mils, 1900 mils): Symbol U13 Pin 2 [VCC, Unspecified, Line]
    @(2600 mils, 4100 mils): Symbol R37 Pin 2 [Passive, Line]
[pin_to_pin]: Pins of type Unspecified and Passive are connected
    ; warning
    @(2000 mils, 4200 mils): Symbol C82 Pin 2 [Unspecified, Line]
    @(2300 mils, 4100 mils): Symbol R37 Pin 1 [Passive, Line]
[pin_to_pin]: Pins of type Unspecified and Unspecified are connected
    ; warning
    @(4200 mils, 2100 mils): Symbol U13 Pin 4 [AGND, Unspecified, Line]
    @(5400 mils, 2000 mils): Symbol U13 Pin 17 [PGND, Unspecified, Line]
[pin_to_pin]: Pins of type Unspecified and Passive are connected
    ; warning
    @(4200 mils, 2400 mils): Symbol U13 Pin 7 [OCM, Unspecified, Line]
    @(5300 mils, 4100 mils): Symbol R38 Pin 2 [Passive, Line]
[pin_to_pin]: Pins of type Unspecified and Power input are connected
    ; warning
    @(2000 mils, 4500 mils): Symbol C82 Pin 1 [Unspecified, Line]
    @(2000 mils, 4600 mils): Symbol #PWR087 Hidden pin 1 [-VBAT, Power input, Line]
[pin_to_pin]: Pins of type Unspecified and Unspecified are connected
    ; warning
    @(4200 mils, 2800 mils): Symbol U13 Pin 11 [VBAT, Unspecified, Line]
    @(4200 mils, 2900 mils): Symbol U13 Pin 12 [VBAT, Unspecified, Line]
[pin_to_pin]: Pins of type Unspecified and Passive are connected
    ; warning
    @(2900 mils, 4200 mils): Symbol C83 Pin 2 [Unspecified, Line]
    @(2600 mils, 4100 mils): Symbol R37 Pin 2 [Passive, Line]
[pin_to_pin]: Pins of type Unspecified and Unspecified are connected
    ; warning
    @(4200 mils, 3000 mils): Symbol U13 Pin 13 [OUT1, Unspecified, Line]
    @(4200 mils, 3100 mils): Symbol U13 Pin 14 [OUT1, Unspecified, Line]
[pin_to_pin]: Pins of type Unspecified and Power input are connected
    ; warning
    @(2900 mils, 4500 mils): Symbol C83 Pin 1 [Unspecified, Line]
    @(2000 mils, 4600 mils): Symbol #PWR087 Hidden pin 1 [-VBAT, Power input, Line]
[pin_to_pin]: Pins of type Unspecified and Unspecified are connected
    ; warning
    @(5400 mils, 1800 mils): Symbol U13 Pin 15 [PGND, Unspecified, Line]
    @(5400 mils, 1900 mils): Symbol U13 Pin 16 [PGND, Unspecified, Line]
[pin_to_pin]: Pins of type Unspecified and Unspecified are connected
    ; warning
    @(5400 mils, 1900 mils): Symbol U13 Pin 16 [PGND, Unspecified, Line]
    @(5400 mils, 2000 mils): Symbol U13 Pin 17 [PGND, Unspecified, Line]
[pin_to_pin]: Pins of type Unspecified and Unspecified are connected
    ; warning
    @(5400 mils, 2000 mils): Symbol U13 Pin 17 [PGND, Unspecified, Line]
    @(5400 mils, 2200 mils): Symbol U13 Pin 19 [PGND, Unspecified, Line]
[pin_to_pin]: Pins of type Unspecified and Passive are connected
    ; warning
    @(5400 mils, 2100 mils): Symbol U13 Pin 18 [DIAG, Unspecified, Line]
    @(7000 mils, 4250 mils): Symbol R41 Pin 1 [Passive, Line]
[pin_to_pin]: Pins of type Unspecified and Unspecified are connected
    ; warning
    @(4000 mils, 4200 mils): Symbol C84 Pin 2 [Unspecified, Line]
    @(4200 mils, 2900 mils): Symbol U13 Pin 12 [VBAT, Unspecified, Line]
[pin_to_pin]: Pins of type Unspecified and Power input are connected
    ; warning
    @(4800 mils, 3300 mils): Symbol U13 Pin 29 [EP, Unspecified, Line]
    @(5500 mils, 3450 mils): Symbol #PWR083 Hidden pin 1 [-VBAT, Power input, Line]
[pin_to_pin]: Pins of type Unspecified and Unspecified are connected
    ; warning
    @(5400 mils, 2200 mils): Symbol U13 Pin 19 [PGND, Unspecified, Line]
    @(5400 mils, 2300 mils): Symbol U13 Pin 20 [PGND, Unspecified, Line]
[pin_to_pin]: Pins of type Unspecified and Unspecified are connected
    ; warning
    @(5400 mils, 2300 mils): Symbol U13 Pin 20 [PGND, Unspecified, Line]
    @(5400 mils, 2400 mils): Symbol U13 Pin 21 [PGND, Unspecified, Line]
[pin_to_pin]: Pins of type Unspecified and Unspecified are connected
    ; warning
    @(5400 mils, 2400 mils): Symbol U13 Pin 21 [PGND, Unspecified, Line]
    @(5400 mils, 3000 mils): Symbol U13 Pin 27 [TEST1, Unspecified, Line]
[pin_to_pin]: Pins of type Unspecified and Unspecified are connected
    ; warning
    @(5400 mils, 2500 mils): Symbol U13 Pin 22 [OUT2, Unspecified, Line]
    @(5400 mils, 2600 mils): Symbol U13 Pin 23 [OUT2, Unspecified, Line]
[pin_to_pin]: Pins of type Unspecified and Power input are connected
    ; warning
    @(4000 mils, 4500 mils): Symbol C84 Pin 1 [Unspecified, Line]
    @(4000 mils, 4600 mils): Symbol #PWR088 Hidden pin 1 [-VBAT, Power input, Line]
[pin_to_pin]: Pins of type Unspecified and Unspecified are connected
    ; warning
    @(5400 mils, 2700 mils): Symbol U13 Pin 24 [VBAT, Unspecified, Line]
    @(5400 mils, 2800 mils): Symbol U13 Pin 25 [VBAT, Unspecified, Line]
[pin_to_pin]: Pins of type Unspecified and Passive are connected
    ; warning
    @(5400 mils, 2800 mils): Symbol U13 Pin 25 [VBAT, Unspecified, Line]
    @(6550 mils, 2750 mils): Symbol R74 Pin 2 [Passive, Line]
[pin_to_pin]: Pins of type Unspecified and Unspecified are connected
    ; warning
    @(5400 mils, 3000 mils): Symbol U13 Pin 27 [TEST1, Unspecified, Line]
    @(5400 mils, 3100 mils): Symbol U13 Pin 28 [TEST2, Unspecified, Line]
[pin_to_pin]: Pins of type Unspecified and Power input are connected
    ; warning
    @(5400 mils, 3100 mils): Symbol U13 Pin 28 [TEST2, Unspecified, Line]
    @(5500 mils, 3450 mils): Symbol #PWR083 Hidden pin 1 [-VBAT, Power input, Line]
[pin_to_pin]: Pins of type Unspecified and Passive are connected
    ; warning
    @(5000 mils, 4200 mils): Symbol C85 Pin 2 [Unspecified, Line]
    @(5300 mils, 4100 mils): Symbol R38 Pin 2 [Passive, Line]
[pin_to_pin]: Pins of type Unspecified and Power input are connected
    ; warning
    @(5000 mils, 4500 mils): Symbol C85 Pin 1 [Unspecified, Line]
    @(5000 mils, 4600 mils): Symbol #PWR089 Hidden pin 1 [-VBAT, Power input, Line]
[pin_to_pin]: Pins of type Unspecified and Unspecified are connected
    ; warning
    @(4500 mils, 5300 mils): Symbol C86 Pin 2 [Unspecified, Line]
    @(9350 mils, 4300 mils): Symbol J8 Pin 3 [3, Unspecified, Line]
[pin_to_pin]: Pins of type Unspecified and Power input are connected
    ; warning
    @(4500 mils, 5600 mils): Symbol C86 Pin 1 [Unspecified, Line]
    @(4500 mils, 5700 mils): Symbol #PWR091 Hidden pin 1 [-VBAT, Power input, Line]
[pin_to_pin]: Pins of type Unspecified and Passive are connected
    ; warning
    @(6400 mils, 5300 mils): Symbol C87 Pin 2 [Unspecified, Line]
    @(6200 mils, 5200 mils): Symbol R42 Pin 2 [Passive, Line]
[pin_to_pin]: Pins of type Unspecified and Power input are connected
    ; warning
    @(6400 mils, 5600 mils): Symbol C87 Pin 1 [Unspecified, Line]
    @(6400 mils, 5700 mils): Symbol #PWR092 Hidden pin 1 [-VBAT, Power input, Line]
[pin_to_pin]: Pins of type Unspecified and Power input are connected
    ; warning
    @(9050 mils, 3900 mils): Symbol J8 Pin 11 [11, Unspecified, Line]
    @(9150 mils, 3800 mils): Symbol #PWR084 Hidden pin 1 [-VBAT, Power input, Line]
[pin_to_pin]: Pins of type Unspecified and Power input are connected
    ; warning
    @(9350 mils, 4100 mils): Symbol J8 Pin 1 [1, Unspecified, Line]
    @(9500 mils, 4100 mils): Symbol #PWR085 Hidden pin 1 [-VBAT, Power input, Line]
[pin_to_pin]: Pins of type Unspecified and Passive are connected
    ; warning
    @(9350 mils, 4200 mils): Symbol J8 Pin 2 [2, Unspecified, Line]
    @(5900 mils, 5200 mils): Symbol R42 Pin 1 [Passive, Line]
[pin_to_pin]: Pins of type Unspecified and Unspecified are connected
    ; warning
    @(9350 mils, 4300 mils): Symbol J8 Pin 3 [3, Unspecified, Line]
    @(9900 mils, 6600 mils): Symbol U7 Pin 64 [VDD, Unspecified, Line]
[pin_to_pin]: Pins of type Unspecified and Unspecified are connected
    ; warning
    @(9350 mils, 4400 mils): Symbol J8 Pin 4 [4, Unspecified, Line]
    @(4200 mils, 3100 mils): Symbol U13 Pin 14 [OUT1, Unspecified, Line]
[pin_to_pin]: Pins of type Unspecified and Power input are connected
    ; warning
    @(9350 mils, 4500 mils): Symbol J8 Pin 5 [5, Unspecified, Line]
    @(9500 mils, 4500 mils): Symbol #PWR086 Hidden pin 1 [-VBAT, Power input, Line]
[pin_to_pin]: Pins of type Unspecified and Power input are connected
    ; warning
    @(9050 mils, 5100 mils): Symbol J8 Pin 10 [10, Unspecified, Line]
    @(9150 mils, 5200 mils): Symbol #PWR090 Hidden pin 1 [-VBAT, Power input, Line]
[pin_to_pin]: Pins of type Unspecified and Passive are connected
    ; warning
    @(9350 mils, 4800 mils): Symbol J8 Pin 8 [8, Unspecified, Line]
    @(7000 mils, 4550 mils): Symbol R41 Pin 2 [Passive, Line]
[pin_to_pin]: Pins of type Unspecified and Unspecified are connected
    ; warning
    @(9350 mils, 4900 mils): Symbol J8 Pin 9 [9, Unspecified, Line]
    @(5400 mils, 2600 mils): Symbol U13 Pin 23 [OUT2, Unspecified, Line]

***** Sheet /Project Architecture/Interface - USB 2.0/
[pin_not_connected]: Pin not connected
    ; error
    @(5250 mils, 2600 mils): Symbol J9 Pin A1B12 [GND, Unspecified, Line]
[pin_to_pin]: Pins of type Unspecified and Power input are connected
    ; warning
    @(4400 mils, 1600 mils): Symbol J9 Pin 13 [EH, Unspecified, Line]
    @(4250 mils, 1600 mils): Symbol #PWR094 Hidden pin 1 [-VBAT, Power input, Line]
[pin_to_pin]: Pins of type Unspecified and Power input are connected
    ; warning
    @(4400 mils, 2700 mils): Symbol J9 Pin 14 [EH, Unspecified, Line]
    @(4250 mils, 2700 mils): Symbol #PWR099 Hidden pin 1 [-VBAT, Power input, Line]
[pin_to_pin]: Pins of type Unspecified and Unspecified are connected
    ; warning
    @(5250 mils, 1600 mils): Symbol J9 Pin A4B9 [VBUS, Unspecified, Line]
    @(5250 mils, 1700 mils): Symbol J9 Pin B4A9 [VBUS, Unspecified, Line]
[pin_to_pin]: Pins of type Unspecified and Passive are connected
    ; warning
    @(5250 mils, 1700 mils): Symbol J9 Pin B4A9 [VBUS, Unspecified, Line]
    @(5550 mils, 1450 mils): Symbol R45 Pin 1 [Passive, Line]
[pin_to_pin]: Pins of type Unspecified and Passive are connected
    ; warning
    @(5250 mils, 1800 mils): Symbol J9 Pin A5 [CC1, Unspecified, Line]
    @(5550 mils, 1800 mils): Symbol R46 Pin 1 [Passive, Line]
[pin_to_pin]: Pins of type Unspecified and Unspecified are connected
    ; warning
    @(5250 mils, 1900 mils): Symbol J9 Pin A6 [Dp1, Unspecified, Line]
    @(5250 mils, 2000 mils): Symbol J9 Pin B6 [Dp2, Unspecified, Line]
[pin_to_pin]: Pins of type Unspecified and Unspecified are connected
    ; warning
    @(5250 mils, 2100 mils): Symbol J9 Pin A7 [Dn1, Unspecified, Line]
    @(5250 mils, 2200 mils): Symbol J9 Pin B7 [Dn2, Unspecified, Line]
[pin_to_pin]: Pins of type Unspecified and Power input are connected
    ; warning
    @(4400 mils, 3600 mils): Symbol J10 Pin 13 [EH, Unspecified, Line]
    @(4250 mils, 3600 mils): Symbol #PWR0102 Hidden pin 1 [-VBAT, Power input, Line]
[pin_to_pin]: Pins of type Unspecified and Passive are connected
    ; warning
    @(5250 mils, 2300 mils): Symbol J9 Pin B5 [CC2, Unspecified, Line]
    @(5550 mils, 2300 mils): Symbol R47 Pin 1 [Passive, Line]
[pin_to_pin]: Pins of type Unspecified and Power input are connected
    ; warning
    @(5250 mils, 2700 mils): Symbol J9 Pin B1A12 [GND, Unspecified, Line]
    @(5400 mils, 2700 mils): Symbol #PWR0100 Hidden pin 1 [-VBAT, Power input, Line]
[pin_to_pin]: Pins of type Unspecified and Passive are connected
    ; warning
    @(6100 mils, 1450 mils): Symbol D2 Pin 2 [A, Unspecified, Line]
    @(5850 mils, 1450 mils): Symbol R45 Pin 2 [Passive, Line]
[pin_to_pin]: Pins of type Unspecified and Unspecified are connected
    ; warning
    @(5250 mils, 3600 mils): Symbol J10 Pin A4B9 [VBUS, Unspecified, Line]
    @(5250 mils, 3700 mils): Symbol J10 Pin B4A9 [VBUS, Unspecified, Line]
[pin_to_pin]: Pins of type Unspecified and Passive are connected
    ; warning
    @(5250 mils, 3700 mils): Symbol J10 Pin B4A9 [VBUS, Unspecified, Line]
    @(5550 mils, 3450 mils): Symbol R50 Pin 1 [Passive, Line]
[pin_to_pin]: Pins of type Unspecified and Power input are connected
    ; warning
    @(4400 mils, 4700 mils): Symbol J10 Pin 14 [EH, Unspecified, Line]
    @(4250 mils, 4700 mils): Symbol #PWR0107 Hidden pin 1 [-VBAT, Power input, Line]
[pin_to_pin]: Pins of type Unspecified and Passive are connected
    ; warning
    @(5250 mils, 3800 mils): Symbol J10 Pin A5 [CC1, Unspecified, Line]
    @(5550 mils, 3800 mils): Symbol R51 Pin 1 [Passive, Line]
[pin_to_pin]: Pins of type Unspecified and Unspecified are connected
    ; warning
    @(5250 mils, 3900 mils): Symbol J10 Pin A6 [Dp1, Unspecified, Line]
    @(5250 mils, 4000 mils): Symbol J10 Pin B6 [Dp2, Unspecified, Line]
[pin_to_pin]: Pins of type Unspecified and Power input are connected
    ; warning
    @(6500 mils, 1450 mils): Symbol D2 Pin 1 [C, Unspecified, Line]
    @(6300 mils, 1800 mils): Symbol #PWR096 Hidden pin 1 [-VBAT, Power input, Line]
[pin_to_pin]: Pins of type Unspecified and Unspecified are connected
    ; warning
    @(5250 mils, 4100 mils): Symbol J10 Pin A7 [Dn1, Unspecified, Line]
    @(5250 mils, 4200 mils): Symbol J10 Pin B7 [Dn2, Unspecified, Line]
[pin_to_pin]: Pins of type Unspecified and Passive are connected
    ; warning
    @(5250 mils, 4300 mils): Symbol J10 Pin B5 [CC2, Unspecified, Line]
    @(5550 mils, 4300 mils): Symbol R52 Pin 1 [Passive, Line]
[pin_to_pin]: Pins of type Unspecified and Unspecified are connected
    ; warning
    @(5250 mils, 4600 mils): Symbol J10 Pin A1B12 [GND, Unspecified, Line]
    @(5250 mils, 4700 mils): Symbol J10 Pin B1A12 [GND, Unspecified, Line]
[pin_to_pin]: Pins of type Unspecified and Passive are connected
    ; warning
    @(6100 mils, 3450 mils): Symbol D5 Pin 2 [A, Unspecified, Line]
    @(5850 mils, 3450 mils): Symbol R50 Pin 2 [Passive, Line]
[pin_to_pin]: Pins of type Unspecified and Passive are connected
    ; warning
    @(6900 mils, 1250 mils): Symbol D3 Pin 1 [C, Unspecified, Line]
    @(8150 mils, 1200 mils): Symbol R43 Pin 1 [Passive, Line]
[pin_to_pin]: Pins of type Unspecified and Power input are connected
    ; warning
    @(5250 mils, 4700 mils): Symbol J10 Pin B1A12 [GND, Unspecified, Line]
    @(5400 mils, 4700 mils): Symbol #PWR0108 Hidden pin 1 [-VBAT, Power input, Line]
[pin_to_pin]: Pins of type Unspecified and Power input are connected
    ; warning
    @(6900 mils, 1650 mils): Symbol D3 Pin 2 [A, Unspecified, Line]
    @(6900 mils, 1700 mils): Symbol #PWR095 Hidden pin 1 [-VBAT, Power input, Line]
[pin_to_pin]: Pins of type Unspecified and Power input are connected
    ; warning
    @(6500 mils, 3450 mils): Symbol D5 Pin 1 [C, Unspecified, Line]
    @(6300 mils, 3800 mils): Symbol #PWR0104 Hidden pin 1 [-VBAT, Power input, Line]
[pin_to_pin]: Pins of type Unspecified and Unspecified are connected
    ; warning
    @(7000 mils, 2300 mils): Symbol D4 Pin 6 [IO1, Unspecified, Line]
    @(5250 mils, 2200 mils): Symbol J9 Pin B7 [Dn2, Unspecified, Line]
[pin_to_pin]: Pins of type Unspecified and Unspecified are connected
    ; warning
    @(7000 mils, 2500 mils): Symbol D4 Pin 4 [IO2, Unspecified, Line]
    @(5250 mils, 2000 mils): Symbol J9 Pin B6 [Dp2, Unspecified, Line]
[pin_to_pin]: Pins of type Unspecified and Passive are connected
    ; warning
    @(6900 mils, 3250 mils): Symbol D6 Pin 1 [C, Unspecified, Line]
    @(8150 mils, 3200 mils): Symbol R48 Pin 1 [Passive, Line]
[pin_to_pin]: Pins of type Unspecified and Passive are connected
    ; warning
    @(7650 mils, 1250 mils): Symbol C88 Pin 2 [2, Unspecified, Line]
    @(8150 mils, 1200 mils): Symbol R43 Pin 1 [Passive, Line]
[pin_to_pin]: Pins of type Unspecified and Power input are connected
    ; warning
    @(6900 mils, 3650 mils): Symbol D6 Pin 2 [A, Unspecified, Line]
    @(6900 mils, 3700 mils): Symbol #PWR0103 Hidden pin 1 [-VBAT, Power input, Line]
[pin_to_pin]: Pins of type Unspecified and Unspecified are connected
    ; warning
    @(7650 mils, 1650 mils): Symbol C88 Pin 1 [1, Unspecified, Line]
    @(6900 mils, 1650 mils): Symbol D3 Pin 2 [A, Unspecified, Line]
[pin_to_pin]: Pins of type Unspecified and Unspecified are connected
    ; warning
    @(7800 mils, 2300 mils): Symbol D4 Pin 1 [IO1, Unspecified, Line]
    @(7000 mils, 2300 mils): Symbol D4 Pin 6 [IO1, Unspecified, Line]
[pin_to_pin]: Pins of type Unspecified and Power input are connected
    ; warning
    @(7800 mils, 2400 mils): Symbol D4 Pin 2 [GND, Unspecified, Line]
    @(7950 mils, 2600 mils): Symbol #PWR098 Hidden pin 1 [-VBAT, Power input, Line]
[pin_to_pin]: Pins of type Unspecified and Unspecified are connected
    ; warning
    @(7800 mils, 2500 mils): Symbol D4 Pin 3 [IO2, Unspecified, Line]
    @(7000 mils, 2500 mils): Symbol D4 Pin 4 [IO2, Unspecified, Line]
[pin_to_pin]: Pins of type Unspecified and Unspecified are connected
    ; warning
    @(7000 mils, 4300 mils): Symbol D7 Pin 6 [IO1, Unspecified, Line]
    @(5250 mils, 4200 mils): Symbol J10 Pin B7 [Dn2, Unspecified, Line]
[pin_to_pin]: Pins of type Unspecified and Passive are connected
    ; warning
    @(7650 mils, 3250 mils): Symbol C89 Pin 2 [2, Unspecified, Line]
    @(8150 mils, 3200 mils): Symbol R48 Pin 1 [Passive, Line]
[pin_to_pin]: Pins of type Unspecified and Unspecified are connected
    ; warning
    @(7000 mils, 4500 mils): Symbol D7 Pin 4 [IO2, Unspecified, Line]
    @(5250 mils, 4000 mils): Symbol J10 Pin B6 [Dp2, Unspecified, Line]
[pin_to_pin]: Pins of type Unspecified and Unspecified are connected
    ; warning
    @(7650 mils, 3650 mils): Symbol C89 Pin 1 [1, Unspecified, Line]
    @(6900 mils, 3650 mils): Symbol D6 Pin 2 [A, Unspecified, Line]
[pin_to_pin]: Pins of type Unspecified and Unspecified are connected
    ; warning
    @(7800 mils, 4300 mils): Symbol D7 Pin 1 [IO1, Unspecified, Line]
    @(7000 mils, 4300 mils): Symbol D7 Pin 6 [IO1, Unspecified, Line]
[pin_to_pin]: Pins of type Unspecified and Power input are connected
    ; warning
    @(7800 mils, 4400 mils): Symbol D7 Pin 2 [GND, Unspecified, Line]
    @(7950 mils, 4600 mils): Symbol #PWR0106 Hidden pin 1 [-VBAT, Power input, Line]
[pin_to_pin]: Pins of type Unspecified and Unspecified are connected
    ; warning
    @(7800 mils, 4500 mils): Symbol D7 Pin 3 [IO2, Unspecified, Line]
    @(7000 mils, 4500 mils): Symbol D7 Pin 4 [IO2, Unspecified, Line]

***** Sheet /Project Architecture/Interface - FD-CAN/
[pin_to_pin]: Pins of type Unspecified and Unspecified are connected
    ; warning
    @(3750 mils, 2350 mils): Symbol C90 Pin 2 [2, Unspecified, Line]
    @(4850 mils, 2250 mils): Symbol U14 Pin 3 [VCC, Unspecified, Line]
[pin_to_pin]: Pins of type Unspecified and Power input are connected
    ; warning
    @(3750 mils, 2750 mils): Symbol C90 Pin 1 [1, Unspecified, Line]
    @(3750 mils, 2850 mils): Symbol #PWR0111 Hidden pin 1 [-VBAT, Power input, Line]
[pin_to_pin]: Pins of type Unspecified and Passive are connected
    ; warning
    @(4850 mils, 2050 mils): Symbol U14 Pin 1 [TXD, Unspecified, Line]
    @(4650 mils, 2000 mils): Symbol R53 Pin 1 [Passive, Line]
[pin_to_pin]: Pins of type Unspecified and Power input are connected
    ; warning
    @(4850 mils, 2150 mils): Symbol U14 Pin 2 [GND, Unspecified, Line]
    @(4300 mils, 2150 mils): Symbol #PWR0110 Hidden pin 1 [-VBAT, Power input, Line]
[pin_to_pin]: Pins of type Unspecified and Unspecified are connected
    ; warning
    @(4850 mils, 2250 mils): Symbol U14 Pin 3 [VCC, Unspecified, Line]
    @(4800 mils, 4100 mils): Symbol U15 Pin 3 [VCC, Unspecified, Line]
[pin_to_pin]: Pins of type Unspecified and Unspecified are connected
    ; warning
    @(3700 mils, 4200 mils): Symbol C92 Pin 2 [2, Unspecified, Line]
    @(4800 mils, 4100 mils): Symbol U15 Pin 3 [VCC, Unspecified, Line]
[pin_to_pin]: Pins of type Unspecified and Power input are connected
    ; warning
    @(3700 mils, 4600 mils): Symbol C92 Pin 1 [1, Unspecified, Line]
    @(3700 mils, 4700 mils): Symbol #PWR0115 Hidden pin 1 [-VBAT, Power input, Line]
[pin_to_pin]: Pins of type Unspecified and Passive are connected
    ; warning
    @(5650 mils, 2050 mils): Symbol U14 Pin 8 [S, Unspecified, Line]
    @(5900 mils, 2050 mils): Symbol R54 Pin 1 [Passive, Line]
[pin_to_pin]: Pins of type Unspecified and Passive are connected
    ; warning
    @(5650 mils, 2350 mils): Symbol U14 Pin 5 [VIO, Unspecified, Line]
    @(4650 mils, 1700 mils): Symbol R53 Pin 2 [Passive, Line]
[pin_to_pin]: Pins of type Unspecified and Passive are connected
    ; warning
    @(4800 mils, 3900 mils): Symbol U15 Pin 1 [TXD, Unspecified, Line]
    @(4600 mils, 3850 mils): Symbol R55 Pin 1 [Passive, Line]
[pin_to_pin]: Pins of type Unspecified and Power input are connected
    ; warning
    @(4800 mils, 4000 mils): Symbol U15 Pin 2 [GND, Unspecified, Line]
    @(4250 mils, 4000 mils): Symbol #PWR0114 Hidden pin 1 [-VBAT, Power input, Line]
[pin_to_pin]: Pins of type Unspecified and Passive are connected
    ; warning
    @(4800 mils, 4100 mils): Symbol U15 Pin 3 [VCC, Unspecified, Line]
    @(2300 mils, 4100 mils): Symbol R37 Pin 1 [Passive, Line]
[pin_to_pin]: Pins of type Unspecified and Passive are connected
    ; warning
    @(5600 mils, 3900 mils): Symbol U15 Pin 8 [S, Unspecified, Line]
    @(5850 mils, 3900 mils): Symbol R56 Pin 1 [Passive, Line]
[pin_to_pin]: Pins of type Unspecified and Unspecified are connected
    ; warning
    @(6450 mils, 2450 mils): Symbol C91 Pin 2 [2, Unspecified, Line]
    @(5650 mils, 2350 mils): Symbol U14 Pin 5 [VIO, Unspecified, Line]
[pin_to_pin]: Pins of type Unspecified and Passive are connected
    ; warning
    @(5600 mils, 4200 mils): Symbol U15 Pin 5 [VIO, Unspecified, Line]
    @(4600 mils, 3550 mils): Symbol R55 Pin 2 [Passive, Line]
[pin_to_pin]: Pins of type Unspecified and Power input are connected
    ; warning
    @(6450 mils, 2850 mils): Symbol C91 Pin 1 [1, Unspecified, Line]
    @(6450 mils, 2950 mils): Symbol #PWR0112 Hidden pin 1 [-VBAT, Power input, Line]
[pin_to_pin]: Pins of type Unspecified and Unspecified are connected
    ; warning
    @(6400 mils, 4300 mils): Symbol C93 Pin 2 [2, Unspecified, Line]
    @(5600 mils, 4200 mils): Symbol U15 Pin 5 [VIO, Unspecified, Line]
[pin_to_pin]: Pins of type Unspecified and Power input are connected
    ; warning
    @(6400 mils, 4700 mils): Symbol C93 Pin 1 [1, Unspecified, Line]
    @(6400 mils, 4800 mils): Symbol #PWR0116 Hidden pin 1 [-VBAT, Power input, Line]

***** Sheet /Project Architecture/Interface - Interconnects/
[pin_not_connected]: Pin not connected
    ; error
    @(4550 mils, 1900 mils): Symbol J11 Pin 4 [4, Unspecified, Line]
[pin_not_connected]: Pin not connected
    ; error
    @(4550 mils, 2500 mils): Symbol J11 Pin 5 [5, Unspecified, Line]
[pin_to_pin]: Pins of type Unspecified and Unspecified are connected
    ; warning
    @(2400 mils, 2500 mils): Symbol J12 Pin 2 [2, Unspecified, Line]
    @(2400 mils, 2600 mils): Symbol J12 Pin 4 [4, Unspecified, Line]
[pin_to_pin]: Pins of type Unspecified and Unspecified are connected
    ; warning
    @(2400 mils, 2600 mils): Symbol J12 Pin 4 [4, Unspecified, Line]
    @(2400 mils, 2700 mils): Symbol J12 Pin 6 [6, Unspecified, Line]
[pin_to_pin]: Pins of type Unspecified and Unspecified are connected
    ; warning
    @(2400 mils, 2700 mils): Symbol J12 Pin 6 [6, Unspecified, Line]
    @(2400 mils, 2800 mils): Symbol J12 Pin 8 [8, Unspecified, Line]
[pin_to_pin]: Pins of type Unspecified and Passive are connected
    ; warning
    @(2400 mils, 2800 mils): Symbol J12 Pin 8 [8, Unspecified, Line]
    @(3150 mils, 1800 mils): Symbol R58 Pin 1 [Passive, Line]
[pin_to_pin]: Pins of type Unspecified and Unspecified are connected
    ; warning
    @(2400 mils, 2900 mils): Symbol J12 Pin 10 [10, Unspecified, Line]
    @(2400 mils, 3000 mils): Symbol J12 Pin 12 [12, Unspecified, Line]
[pin_to_pin]: Pins of type Unspecified and Unspecified are connected
    ; warning
    @(2400 mils, 3000 mils): Symbol J12 Pin 12 [12, Unspecified, Line]
    @(2400 mils, 3100 mils): Symbol J12 Pin 14 [14, Unspecified, Line]
[pin_to_pin]: Pins of type Unspecified and Unspecified are connected
    ; warning
    @(3000 mils, 2450 mils): Symbol J12 Pin 1 [1, Unspecified, Line]
    @(3000 mils, 2550 mils): Symbol J12 Pin 3 [3, Unspecified, Line]
[pin_to_pin]: Pins of type Unspecified and Unspecified are connected
    ; warning
    @(2400 mils, 3100 mils): Symbol J12 Pin 14 [14, Unspecified, Line]
    @(2400 mils, 3200 mils): Symbol J12 Pin 16 [16, Unspecified, Line]
[pin_to_pin]: Pins of type Unspecified and Unspecified are connected
    ; warning
    @(3000 mils, 2550 mils): Symbol J12 Pin 3 [3, Unspecified, Line]
    @(3000 mils, 2650 mils): Symbol J12 Pin 5 [5, Unspecified, Line]
[pin_to_pin]: Pins of type Unspecified and Unspecified are connected
    ; warning
    @(2400 mils, 3200 mils): Symbol J12 Pin 16 [16, Unspecified, Line]
    @(4800 mils, 4100 mils): Symbol U15 Pin 3 [VCC, Unspecified, Line]
[pin_to_pin]: Pins of type Unspecified and Unspecified are connected
    ; warning
    @(3000 mils, 2650 mils): Symbol J12 Pin 5 [5, Unspecified, Line]
    @(3000 mils, 2750 mils): Symbol J12 Pin 7 [7, Unspecified, Line]
[pin_to_pin]: Pins of type Unspecified and Power input are connected
    ; warning
    @(3000 mils, 2750 mils): Symbol J12 Pin 7 [7, Unspecified, Line]
    @(3450 mils, 2450 mils): Symbol #PWR0117 Hidden pin 1 [-VBAT, Power input, Line]
[pin_to_pin]: Pins of type Unspecified and Unspecified are connected
    ; warning
    @(2400 mils, 3300 mils): Symbol J12 Pin 18 [18, Unspecified, Line]
    @(4500 mils, 4500 mils): Symbol J13 Pin 2 [2, Unspecified, Line]
[pin_to_pin]: Pins of type Unspecified and Unspecified are connected
    ; warning
    @(3000 mils, 2850 mils): Symbol J12 Pin 9 [9, Unspecified, Line]
    @(9500 mils, 4500 mils): Symbol J15 Pin 2 [2, Unspecified, Line]
[pin_to_pin]: Pins of type Unspecified and Unspecified are connected
    ; warning
    @(2400 mils, 3400 mils): Symbol J12 Pin 20 [20, Unspecified, Line]
    @(4500 mils, 4600 mils): Symbol J13 Pin 4 [4, Unspecified, Line]
[pin_to_pin]: Pins of type Unspecified and Unspecified are connected
    ; warning
    @(3000 mils, 2950 mils): Symbol J12 Pin 11 [11, Unspecified, Line]
    @(9500 mils, 4600 mils): Symbol J15 Pin 4 [4, Unspecified, Line]
[pin_to_pin]: Pins of type Unspecified and Unspecified are connected
    ; warning
    @(2400 mils, 3500 mils): Symbol J12 Pin 22 [22, Unspecified, Line]
    @(4500 mils, 4700 mils): Symbol J13 Pin 6 [6, Unspecified, Line]
[pin_to_pin]: Pins of type Unspecified and Unspecified are connected
    ; warning
    @(3000 mils, 3050 mils): Symbol J12 Pin 13 [13, Unspecified, Line]
    @(9500 mils, 4700 mils): Symbol J15 Pin 6 [6, Unspecified, Line]
[pin_to_pin]: Pins of type Unspecified and Unspecified are connected
    ; warning
    @(3000 mils, 3150 mils): Symbol J12 Pin 15 [15, Unspecified, Line]
    @(7000 mils, 4500 mils): Symbol J14 Pin 2 [2, Unspecified, Line]
[pin_to_pin]: Pins of type Unspecified and Unspecified are connected
    ; warning
    @(3000 mils, 3250 mils): Symbol J12 Pin 17 [17, Unspecified, Line]
    @(7000 mils, 4600 mils): Symbol J14 Pin 4 [4, Unspecified, Line]
[pin_to_pin]: Pins of type Unspecified and Unspecified are connected
    ; warning
    @(3000 mils, 3350 mils): Symbol J12 Pin 19 [19, Unspecified, Line]
    @(7000 mils, 4700 mils): Symbol J14 Pin 6 [6, Unspecified, Line]
[pin_to_pin]: Pins of type Unspecified and Passive are connected
    ; warning
    @(3000 mils, 3450 mils): Symbol J12 Pin 21 [21, Unspecified, Line]
    @(2850 mils, 1450 mils): Symbol R57 Pin 2 [Passive, Line]
[pin_to_pin]: Pins of type Unspecified and Passive are connected
    ; warning
    @(3000 mils, 3550 mils): Symbol J12 Pin 23 [23, Unspecified, Line]
    @(2850 mils, 1800 mils): Symbol R58 Pin 2 [Passive, Line]
[pin_to_pin]: Pins of type Unspecified and Passive are connected
    ; warning
    @(4900 mils, 2100 mils): Symbol J11 Pin 3 [3, Unspecified, Line]
    @(6650 mils, 2150 mils): Symbol R59 Pin 2 [Passive, Line]
[pin_to_pin]: Pins of type Unspecified and Passive are connected
    ; warning
    @(4900 mils, 2200 mils): Symbol J11 Pin 2 [2, Unspecified, Line]
    @(6650 mils, 2950 mils): Symbol R60 Pin 1 [Passive, Line]
[pin_to_pin]: Pins of type Unspecified and Power input are connected
    ; warning
    @(4900 mils, 2300 mils): Symbol J11 Pin 1 [1, Unspecified, Line]
    @(5200 mils, 2650 mils): Symbol #PWR0118 Hidden pin 1 [-VBAT, Power input, Line]
[pin_to_pin]: Pins of type Unspecified and Unspecified are connected
    ; warning
    @(3800 mils, 4650 mils): Symbol C95 Pin 2 [2, Unspecified, Line]
    @(4100 mils, 4600 mils): Symbol J13 Pin 3 [3, Unspecified, Line]
[pin_to_pin]: Pins of type Unspecified and Unspecified are connected
    ; warning
    @(5600 mils, 2300 mils): Symbol D8 Pin 2 [2, Unspecified, Line]
    @(4900 mils, 2200 mils): Symbol J11 Pin 2 [2, Unspecified, Line]
[pin_to_pin]: Pins of type Unspecified and Unspecified are connected
    ; warning
    @(4100 mils, 4500 mils): Symbol J13 Pin 1 [1, Unspecified, Line]
    @(4100 mils, 4600 mils): Symbol J13 Pin 3 [3, Unspecified, Line]
[pin_to_pin]: Pins of type Unspecified and Unspecified are connected
    ; warning
    @(4100 mils, 4600 mils): Symbol J13 Pin 3 [3, Unspecified, Line]
    @(6600 mils, 4600 mils): Symbol J14 Pin 3 [3, Unspecified, Line]
[pin_to_pin]: Pins of type Unspecified and Power input are connected
    ; warning
    @(4100 mils, 4700 mils): Symbol J13 Pin 5 [5, Unspecified, Line]
    @(4000 mils, 5200 mils): Symbol #PWR0122 Hidden pin 1 [-VBAT, Power input, Line]
[pin_to_pin]: Pins of type Unspecified and Power input are connected
    ; warning
    @(3800 mils, 5050 mils): Symbol C95 Pin 1 [1, Unspecified, Line]
    @(3800 mils, 5200 mils): Symbol #PWR0121 Hidden pin 1 [-VBAT, Power input, Line]
[pin_to_pin]: Pins of type Unspecified and Passive are connected
    ; warning
    @(6000 mils, 2300 mils): Symbol D8 Pin 1 [1, Unspecified, Line]
    @(6650 mils, 2150 mils): Symbol R59 Pin 2 [Passive, Line]
[pin_to_pin]: Pins of type Unspecified and Power input are connected
    ; warning
    @(5800 mils, 3100 mils): Symbol D8 Pin 3 [3, Unspecified, Line]
    @(5800 mils, 3200 mils): Symbol #PWR0120 Hidden pin 1 [-VBAT, Power input, Line]
[pin_to_pin]: Pins of type Unspecified and Unspecified are connected
    ; warning
    @(6300 mils, 4650 mils): Symbol C96 Pin 2 [2, Unspecified, Line]
    @(6600 mils, 4600 mils): Symbol J14 Pin 3 [3, Unspecified, Line]
[pin_to_pin]: Pins of type Unspecified and Unspecified are connected
    ; warning
    @(6600 mils, 4500 mils): Symbol J14 Pin 1 [1, Unspecified, Line]
    @(6600 mils, 4600 mils): Symbol J14 Pin 3 [3, Unspecified, Line]
[pin_to_pin]: Pins of type Unspecified and Passive are connected
    ; warning
    @(7600 mils, 2600 mils): Symbol C94 Pin 2 [2, Unspecified, Line]
    @(6650 mils, 2650 mils): Symbol R60 Pin 2 [Passive, Line]
[pin_to_pin]: Pins of type Unspecified and Unspecified are connected
    ; warning
    @(6600 mils, 4600 mils): Symbol J14 Pin 3 [3, Unspecified, Line]
    @(9100 mils, 4600 mils): Symbol J15 Pin 3 [3, Unspecified, Line]
[pin_to_pin]: Pins of type Unspecified and Power input are connected
    ; warning
    @(6300 mils, 5050 mils): Symbol C96 Pin 1 [1, Unspecified, Line]
    @(6300 mils, 5200 mils): Symbol #PWR0123 Hidden pin 1 [-VBAT, Power input, Line]
[pin_to_pin]: Pins of type Unspecified and Power input are connected
    ; warning
    @(6600 mils, 4700 mils): Symbol J14 Pin 5 [5, Unspecified, Line]
    @(6500 mils, 5200 mils): Symbol #PWR0124 Hidden pin 1 [-VBAT, Power input, Line]
[pin_to_pin]: Pins of type Unspecified and Power input are connected
    ; warning
    @(7600 mils, 3000 mils): Symbol C94 Pin 1 [1, Unspecified, Line]
    @(7600 mils, 3050 mils): Symbol #PWR0119 Hidden pin 1 [-VBAT, Power input, Line]
[pin_to_pin]: Pins of type Unspecified and Unspecified are connected
    ; warning
    @(8800 mils, 4650 mils): Symbol C97 Pin 2 [2, Unspecified, Line]
    @(9100 mils, 4600 mils): Symbol J15 Pin 3 [3, Unspecified, Line]
[pin_to_pin]: Pins of type Unspecified and Power input are connected
    ; warning
    @(8800 mils, 5050 mils): Symbol C97 Pin 1 [1, Unspecified, Line]
    @(8800 mils, 5200 mils): Symbol #PWR0125 Hidden pin 1 [-VBAT, Power input, Line]
[pin_to_pin]: Pins of type Unspecified and Unspecified are connected
    ; warning
    @(9100 mils, 4500 mils): Symbol J15 Pin 1 [1, Unspecified, Line]
    @(9100 mils, 4600 mils): Symbol J15 Pin 3 [3, Unspecified, Line]
[pin_to_pin]: Pins of type Unspecified and Passive are connected
    ; warning
    @(9100 mils, 4600 mils): Symbol J15 Pin 3 [3, Unspecified, Line]
    @(3150 mils, 1800 mils): Symbol R58 Pin 1 [Passive, Line]
[pin_to_pin]: Pins of type Unspecified and Power input are connected
    ; warning
    @(9100 mils, 4700 mils): Symbol J15 Pin 5 [5, Unspecified, Line]
    @(9000 mils, 5200 mils): Symbol #PWR0126 Hidden pin 1 [-VBAT, Power input, Line]

***** Sheet /Project Architecture/User - LED Indicators & Buzzer/
[pin_not_driven]: Input pin not driven by any Output pins
    ; error
    @(8500 mils, 4800 mils): Symbol Q3 Pin 3 [C, Input, Line]
[pin_to_pin]: Pins of type Unspecified and Passive are connected
    ; warning
    @(3200 mils, 1500 mils): Symbol D9 Pin 2 [A, Unspecified, Line]
    @(2950 mils, 1500 mils): Symbol R61 Pin 2 [Passive, Line]
[pin_to_pin]: Pins of type Unspecified and Passive are connected
    ; warning
    @(3200 mils, 2000 mils): Symbol D10 Pin 2 [A, Unspecified, Line]
    @(2950 mils, 2000 mils): Symbol R62 Pin 2 [Passive, Line]
[pin_to_pin]: Pins of type Unspecified and Unspecified are connected
    ; warning
    @(3600 mils, 1500 mils): Symbol D9 Pin 1 [C, Unspecified, Line]
    @(3600 mils, 2000 mils): Symbol D10 Pin 1 [C, Unspecified, Line]
[pin_to_pin]: Pins of type Unspecified and Passive are connected
    ; warning
    @(3200 mils, 2500 mils): Symbol D11 Pin 2 [A, Unspecified, Line]
    @(2950 mils, 2500 mils): Symbol R63 Pin 2 [Passive, Line]
[pin_to_pin]: Pins of type Unspecified and Unspecified are connected
    ; warning
    @(3600 mils, 2000 mils): Symbol D10 Pin 1 [C, Unspecified, Line]
    @(3600 mils, 2500 mils): Symbol D11 Pin 1 [C, Unspecified, Line]
[pin_to_pin]: Pins of type Unspecified and Unspecified are connected
    ; warning
    @(3600 mils, 2500 mils): Symbol D11 Pin 1 [C, Unspecified, Line]
    @(3600 mils, 3000 mils): Symbol D12 Pin 1 [C, Unspecified, Line]
[pin_to_pin]: Pins of type Unspecified and Passive are connected
    ; warning
    @(3200 mils, 3000 mils): Symbol D12 Pin 2 [A, Unspecified, Line]
    @(2950 mils, 3000 mils): Symbol R64 Pin 2 [Passive, Line]
[pin_to_pin]: Pins of type Unspecified and Unspecified are connected
    ; warning
    @(3600 mils, 3000 mils): Symbol D12 Pin 1 [C, Unspecified, Line]
    @(3600 mils, 3500 mils): Symbol D13 Pin 1 [C, Unspecified, Line]
[pin_to_pin]: Pins of type Unspecified and Passive are connected
    ; warning
    @(3200 mils, 3500 mils): Symbol D13 Pin 2 [A, Unspecified, Line]
    @(2950 mils, 3500 mils): Symbol R65 Pin 2 [Passive, Line]
[pin_to_pin]: Pins of type Unspecified and Unspecified are connected
    ; warning
    @(3600 mils, 3500 mils): Symbol D13 Pin 1 [C, Unspecified, Line]
    @(3600 mils, 4000 mils): Symbol D14 Pin 1 [C, Unspecified, Line]
[pin_to_pin]: Pins of type Unspecified and Passive are connected
    ; warning
    @(3200 mils, 4000 mils): Symbol D14 Pin 2 [A, Unspecified, Line]
    @(2950 mils, 4000 mils): Symbol R66 Pin 2 [Passive, Line]
[pin_to_pin]: Pins of type Unspecified and Unspecified are connected
    ; warning
    @(3600 mils, 4000 mils): Symbol D14 Pin 1 [C, Unspecified, Line]
    @(3600 mils, 4500 mils): Symbol D16 Pin 1 [C, Unspecified, Line]
[pin_to_pin]: Pins of type Unspecified and Passive are connected
    ; warning
    @(3200 mils, 4500 mils): Symbol D16 Pin 2 [A, Unspecified, Line]
    @(2950 mils, 4500 mils): Symbol R67 Pin 2 [Passive, Line]
[pin_to_pin]: Pins of type Unspecified and Unspecified are connected
    ; warning
    @(3600 mils, 4500 mils): Symbol D16 Pin 1 [C, Unspecified, Line]
    @(3600 mils, 5000 mils): Symbol D17 Pin 1 [C, Unspecified, Line]
[pin_to_pin]: Pins of type Unspecified and Passive are connected
    ; warning
    @(3200 mils, 5000 mils): Symbol D17 Pin 2 [A, Unspecified, Line]
    @(2950 mils, 5000 mils): Symbol R68 Pin 2 [Passive, Line]
[pin_to_pin]: Pins of type Unspecified and Power input are connected
    ; warning
    @(3600 mils, 5000 mils): Symbol D17 Pin 1 [C, Unspecified, Line]
    @(4250 mils, 1500 mils): Symbol #PWR0127 Hidden pin 1 [-VBAT, Power input, Line]
[pin_to_pin]: Pins of type Unspecified and Unspecified are connected
    ; warning
    @(8000 mils, 4050 mils): Symbol D15 Pin 1 [C, Unspecified, Line]
    @(6350 mils, 4150 mils): Symbol U17 Pin 3 [VDD, Unspecified, Line]
[pin_to_pin]: Pins of type Unspecified and Input are connected
    ; warning
    @(8000 mils, 4450 mils): Symbol D15 Pin 2 [A, Unspecified, Line]
    @(8500 mils, 4800 mils): Symbol Q3 Pin 3 [C, Input, Line]
[pin_to_pin]: Pins of type Unspecified and Unspecified are connected
    ; warning
    @(8500 mils, 4050 mils): Symbol BZ1 Pin 1 [+, Unspecified, Line]
    @(8000 mils, 4050 mils): Symbol D15 Pin 1 [C, Unspecified, Line]
[pin_to_pin]: Pins of type Unspecified and Input are connected
    ; warning
    @(8500 mils, 4450 mils): Symbol BZ1 Pin 2 [-, Unspecified, Line]
    @(8500 mils, 4800 mils): Symbol Q3 Pin 3 [C, Input, Line]

***** Sheet /Project Architecture/Sensing - Temperature & Humidity/
[pin_to_pin]: Pins of type Unspecified and Passive are connected
    ; warning
    @(5550 mils, 2450 mils): Symbol U16 Pin 1 [SDA, Unspecified, Line]
    @(3950 mils, 2800 mils): Symbol R70 Pin 2 [Passive, Line]
[pin_to_pin]: Pins of type Unspecified and Passive are connected
    ; warning
    @(5550 mils, 2650 mils): Symbol U16 Pin 2 [SCL, Unspecified, Line]
    @(4750 mils, 2800 mils): Symbol R71 Pin 2 [Passive, Line]
[pin_to_pin]: Pins of type Unspecified and Unspecified are connected
    ; warning
    @(6350 mils, 2450 mils): Symbol U16 Pin 3 [VDD, Unspecified, Line]
    @(6350 mils, 4150 mils): Symbol U17 Pin 3 [VDD, Unspecified, Line]
[pin_to_pin]: Pins of type Unspecified and Passive are connected
    ; warning
    @(5550 mils, 4150 mils): Symbol U17 Pin 1 [SDA, Unspecified, Line]
    @(3950 mils, 4500 mils): Symbol R72 Pin 2 [Passive, Line]
[pin_to_pin]: Pins of type Unspecified and Unspecified are connected
    ; warning
    @(6500 mils, 2600 mils): Symbol C98 Pin 2 [Unspecified, Line]
    @(6350 mils, 2450 mils): Symbol U16 Pin 3 [VDD, Unspecified, Line]
[pin_to_pin]: Pins of type Unspecified and Power input are connected
    ; warning
    @(6350 mils, 3050 mils): Symbol U16 Pin 4 [VSS, Unspecified, Line]
    @(6500 mils, 3150 mils): Symbol #PWR0129 Hidden pin 1 [-VBAT, Power input, Line]
[pin_to_pin]: Pins of type Unspecified and Passive are connected
    ; warning
    @(5550 mils, 4350 mils): Symbol U17 Pin 2 [SCL, Unspecified, Line]
    @(4750 mils, 4500 mils): Symbol R73 Pin 2 [Passive, Line]
[pin_to_pin]: Pins of type Unspecified and Unspecified are connected
    ; warning
    @(6500 mils, 2900 mils): Symbol C98 Pin 1 [Unspecified, Line]
    @(6350 mils, 3050 mils): Symbol U16 Pin 4 [VSS, Unspecified, Line]
[pin_to_pin]: Pins of type Unspecified and Passive are connected
    ; warning
    @(6350 mils, 4150 mils): Symbol U17 Pin 3 [VDD, Unspecified, Line]
    @(4750 mils, 4800 mils): Symbol R73 Pin 1 [Passive, Line]
[pin_to_pin]: Pins of type Unspecified and Unspecified are connected
    ; warning
    @(6500 mils, 4300 mils): Symbol C99 Pin 2 [Unspecified, Line]
    @(6350 mils, 4150 mils): Symbol U17 Pin 3 [VDD, Unspecified, Line]
[pin_to_pin]: Pins of type Unspecified and Power input are connected
    ; warning
    @(6350 mils, 4750 mils): Symbol U17 Pin 4 [VSS, Unspecified, Line]
    @(6500 mils, 4850 mils): Symbol #PWR0130 Hidden pin 1 [-VBAT, Power input, Line]
[pin_to_pin]: Pins of type Unspecified and Unspecified are connected
    ; warning
    @(6500 mils, 4600 mils): Symbol C99 Pin 1 [Unspecified, Line]
    @(6350 mils, 4750 mils): Symbol U17 Pin 4 [VSS, Unspecified, Line]

***** Sheet /Project Architecture/Sensing - Battery/
[pin_to_pin]: Pins of type Unspecified and Passive are connected
    ; warning
    @(7500 mils, 3300 mils): Symbol C100 Pin 2 [2, Unspecified, Line]
    @(6550 mils, 3350 mils): Symbol R75 Pin 2 [Passive, Line]
[pin_to_pin]: Pins of type Unspecified and Passive are connected
    ; warning
    @(7500 mils, 3700 mils): Symbol C100 Pin 1 [1, Unspecified, Line]
    @(6550 mils, 3650 mils): Symbol R75 Pin 1 [Passive, Line]

***** Sheet /Project Architecture/Misc - Holes, Fiducials/

***** Sheet /Project Architecture/Misc - Board Version, Switch/
[pin_to_pin]: Pins of type Unspecified and Passive are connected
    ; warning
    @(6300 mils, 4250 mils): Symbol C101 Pin 2 [Unspecified, Line]
    @(6050 mils, 4150 mils): Symbol R80 Pin 2 [Passive, Line]
[pin_to_pin]: Pins of type Unspecified and Unspecified are connected
    ; warning
    @(6300 mils, 4550 mils): Symbol C101 Pin 1 [Unspecified, Line]
    @(6300 mils, 5350 mils): Symbol C102 Pin 1 [Unspecified, Line]
[pin_to_pin]: Pins of type Unspecified and Passive are connected
    ; warning
    @(6300 mils, 5050 mils): Symbol C102 Pin 2 [Unspecified, Line]
    @(6050 mils, 4950 mils): Symbol R82 Pin 2 [Passive, Line]
[pin_to_pin]: Pins of type Unspecified and Passive are connected
    ; warning
    @(6300 mils, 5350 mils): Symbol C102 Pin 1 [Unspecified, Line]
    @(7200 mils, 5350 mils): Symbol R83 Pin 2 [Passive, Line]
[pin_to_pin]: Pins of type Unspecified and Passive are connected
    ; warning
    @(8100 mils, 4150 mils): Symbol SW1 Pin 1 [1, Unspecified, Line]
    @(7200 mils, 4250 mils): Symbol R81 Pin 1 [Passive, Line]
[pin_to_pin]: Pins of type Unspecified and Passive are connected
    ; warning
    @(8100 mils, 4250 mils): Symbol SW1 Pin 2 [2, Unspecified, Line]
    @(7200 mils, 5050 mils): Symbol R83 Pin 1 [Passive, Line]
[pin_to_pin]: Pins of type Unspecified and Passive are connected
    ; warning
    @(8900 mils, 4150 mils): Symbol SW1 Pin 4 [4, Unspecified, Line]
    @(6450 mils, 2200 mils): Symbol R76 Pin 2 [Passive, Line]
[pin_to_pin]: Pins of type Unspecified and Unspecified are connected
    ; warning
    @(8900 mils, 4250 mils): Symbol SW1 Pin 3 [3, Unspecified, Line]
    @(8900 mils, 4150 mils): Symbol SW1 Pin 4 [4, Unspecified, Line]

***** Sheet /Power - Sequencing/

***** Sheet /Revision History/

 ** ERC messages: 1081  Errors 309  Warnings 772
